代码,total_weight,total_weight_pct,appear_in,159338成分股,159691成分股,159801成分股,159841成分股,159850成分股,510050成分股,510300成分股,512690成分股,512760成分股,513600成分股,513980成分股,515790成分股
688256.SH,0.026677427960096874,2.6677,3,0.0,0.0,0.115843304932172,0.0,0.0,0.0516906462624485,0.0,0.0,0.152595184326542,0.0,0.0,0.0
600519.SH,0.02640695504209222,2.6407,4,0.043222505570084106,0.0,0.0,0.0,0.0,0.10535914076733499,0.0360642936861466,0.132237520481541,0.0,0.0,0.0,0.0
0700.HK,0.02533287923313474,2.5333,3,0.0,0.0,0.0,0.0,0.0893566807567169,0.0,0.0,0.0,0.0,0.110721397640368,0.10391647240053199,0.0
9988.HK,0.024259374539851032,2.4259,3,0.0,0.0,0.0,0.0,0.0900416994101874,0.0,0.0,0.0,0.0,0.09696086355402,0.10410993151400501,0.0
688981.SH,0.019559141041989206,1.9559,5,0.010081054276586,0.0,0.100964487751349,0.0,0.0,0.024573568852637503,0.00841149991888527,0.0,0.09067908170441269,0.0,0.0,0.0
0941.HK,0.019035778093272025,1.9036,3,0.0,0.1467069349958,0.0,0.0,0.048405621693361,0.0,0.0,0.0,0.0,0.033316780430103304,0.0,0.0
1810.HK,0.018786476246473473,1.8786,3,0.0,0.0,0.0,0.0,0.0758217283194516,0.0,0.0,0.0,0.0,0.0607694367685105,0.0888465498697196,0.0
688041.SH,0.018512454778810507,1.8512,5,0.0122373480982654,0.0,0.10027665338186599,0.0,0.0,0.022372311552139798,0.01021068329877,0.0,0.07705246101468491,0.0,0.0,0.0
300059.SZ,0.016141585354099215,1.6142,3,0.013441405702114599,0.0,0.0,0.164836535362453,0.0,0.0,0.015421083184623,0.0,0.0,0.0,0.0,0.0
600030.SH,0.015963707219431123,1.5964,4,0.010952473398437901,0.0,0.0,0.135405893975701,0.0,0.0322597683469336,0.012946350912101,0.0,0.0,0.0,0.0,0.0
0883.HK,0.014001703013885381,1.4002,3,0.0,0.12067430351436499,0.0,0.0,0.028051203695931698,0.0,0.0,0.0,0.0,0.019294928956327898,0.0,0.0
000858.SZ,0.013608593665331396,1.3609,3,0.00377351418793899,0.0,0.0,0.0,0.0,0.0,0.00944571274439478,0.150083897051643,0.0,0.0,0.0,0.0
002371.SZ,0.012963001282541521,1.2963,4,0.011063743313190499,0.0,0.0755498076063284,0.0,0.0,0.0,0.00923144280629607,0.0,0.0597110216646833,0.0,0.0,0.0
3690.HK,0.012775248322525032,1.2775,3,0.0,0.0,0.0,0.0,0.0511149753327018,0.0,0.0,0.0,0.0,0.0403839198812014,0.061804084656397196,0.0
688008.SH,0.012378293106407805,1.2378,5,0.00727470990029923,0.0,0.0695464532140661,0.0,0.0,0.0132996197406528,0.00606992285304943,0.0,0.0523488115688261,0.0,0.0,0.0
000568.SZ,0.011764122259701856,1.1764,3,0.0039778994524056095,0.0,0.0,0.0,0.0,0.0,0.00331910730794866,0.133872460356068,0.0,0.0,0.0,0.0
601211.SH,0.011598906579563133,1.1599,3,0.0,0.0,0.0,0.104073653676378,0.0,0.025032521007053797,0.0100807042713258,0.0,0.0,0.0,0.0,0.0
600809.SH,0.011488039732661817,1.1488,3,0.0,0.0,0.0,0.0,0.0,0.00715908259532804,0.0049010888919727704,0.125796305304641,0.0,0.0,0.0,0.0
300274.SZ,0.011373954451939039,1.1374,3,0.005809460812346509,0.0,0.0,0.0,0.0,0.0,0.00727100724950696,0.0,0.0,0.0,0.0,0.123406985361415
1211.HK,0.011217909515626732,1.1218,3,0.0,0.0,0.0,0.0,0.0359699287425617,0.0,0.0,0.0,0.0,0.0247811207020791,0.07386386474288,0.0
603501.SH,0.011092529044602173,1.1093,5,0.00425168200581005,0.0,0.06387261947323081,0.0,0.0,0.015545844359545799,0.0035475478918965395,0.0,0.045892654804742895,0.0,0.0,0.0
0939.HK,0.010358492717645933,1.0358,2,0.0,0.0,0.0,0.0,0.0736345820149793,0.0,0.0,0.0,0.0,0.05066733059677189,0.0,0.0
601318.SH,0.009830556369339216,0.9831,3,0.0239856942027496,0.0,0.0,0.0,0.0,0.0668200076016181,0.0271609746277029,0.0,0.0,0.0,0.0,0.0
2328.HK,0.009439462353096267,0.9439,2,0.0,0.102462453283942,0.0,0.0,0.010811094953213201,0.0,0.0,0.0,0.0,0.0,0.0,0.0
603986.SH,0.009283566933788932,0.9284,4,0.0051207586031409204,0.0,0.055948127690852,0.0,0.0,0.0,0.00427269404500597,0.0,0.0460612228664683,0.0,0.0,0.0
0981.HK,0.009211108818867966,0.9211,3,0.0,0.0,0.0,0.0,0.0258211760311625,0.0,0.0,0.0,0.0,0.0177493426162451,0.066962787179008,0.0
601012.SH,0.00918404008640529,0.9184,4,0.00400103188205155,0.0,0.0,0.0,0.0,0.0109720256884728,0.00417301088110144,0.0,0.0,0.0,0.0,0.0910624125852377
688012.SH,0.008520572128562989,0.8521,4,0.0,0.0,0.0535551039309734,0.0,0.0,0.00796563925861026,0.00545325543713022,0.0,0.035272866916042,0.0,0.0,0.0
600036.SH,0.008053334353097283,0.8053,3,0.0196678358792183,0.0,0.0,0.0,0.0,0.055433283310165705,0.0215388930477834,0.0,0.0,0.0,0.0,0.0
000100.SZ,0.008014460853542089,0.8014,3,0.00349446095436206,0.0,0.0,0.0,0.0,0.0,0.0040371681381335,0.0,0.0,0.0,0.0,0.0886419011500095
0016.HK,0.007951682213047335,0.7952,2,0.0,0.0870499342673776,0.0,0.0,0.0,0.0,0.0,0.0,0.0,0.00837025228919041,0.0,0.0
1024.HK,0.007159047877425258,0.7159,3,0.0,0.0,0.0,0.0,0.020001717578177904,0.0,0.0,0.0,0.0,0.0174191326040359,0.0484877243468893,0.0
0992.HK,0.007133255432834857,0.7133,4,0.0,0.0514694317260635,0.0,0.0,0.008015181029516219,0.0,0.0,0.0,0.0,0.00553024456237228,0.0205842078760663,0.0
0005.HK,0.006694878365050049,0.6695,1,0.0,0.0,0.0,0.0,0.0,0.0,0.0,0.0,0.0,0.08033854038060059,0.0,0.0
601899.SH,0.006314140393686166,0.6314,3,0.0149915713039575,0.0,0.0,0.0,0.0,0.043504096130134,0.0172740172901425,0.0,0.0,0.0,0.0,0.0
600089.SH,0.006225911178272317,0.6226,3,0.00258614707130264,0.0,0.0,0.0,0.0,0.0,0.0032367709691353604,0.0,0.0,0.0,0.0,0.0688880160988298
0857.HK,0.00622147535870172,0.6221,3,0.0,0.0501378780118536,0.0,0.0,0.0145298590749535,0.0,0.0,0.0,0.0,0.00998996721761355,0.0,0.0
1398.HK,0.005998616341612799,0.5999,2,0.0,0.0,0.0,0.0,0.0426762780990305,0.0,0.0,0.0,0.0,0.0293071180003231,0.0,0.0
601166.SH,0.005648539868182741,0.5649,3,0.013411245698905401,0.0,0.0,0.0,0.0,0.0389181434207638,0.015453089298523699,0.0,0.0,0.0,0.0,0.0
600900.SH,0.005331161545320949,0.5331,3,0.0130197512883153,0.0,0.0,0.0,0.0,0.0366958299949858,0.014258357260550301,0.0,0.0,0.0,0.0,0.0
300750.SZ,0.0053201370437221665,0.532,2,0.026704779540625098,0.0,0.0,0.0,0.0,0.0,0.0371368649840409,0.0,0.0,0.0,0.0,0.0
002304.SZ,0.005112290047917844,0.5112,2,0.0,0.0,0.0,0.0,0.0,0.0,0.00180431413096804,0.0595431664440461,0.0,0.0,0.0,0.0
600438.SH,0.005076829751449475,0.5077,3,0.00198353263824774,0.0,0.0,0.0,0.0,0.0,0.00275838951098567,0.0,0.0,0.0,0.0,0.0561800348681603
0006.HK,0.0050352951402337755,0.5035,2,0.0,0.0560544123638712,0.0,0.0,0.0,0.0,0.0,0.0,0.0,0.0043691293189341,0.0,0.0
1088.HK,0.004880913877770266,0.4881,3,0.0,0.0411380768005938,0.0,0.0,0.010334653993238001,0.0,0.0,0.0,0.0,0.00709823573941139,0.0,0.0
2318.HK,0.0048177725659542,0.4818,2,0.0,0.0,0.0,0.0,0.0342490618449472,0.0,0.0,0.0,0.0,0.0235642089465032,0.0,0.0
600276.SH,0.004756562201425166,0.4757,3,0.0120083663263271,0.0,0.0,0.0,0.0,0.0317108815557265,0.013359498535048399,0.0,0.0,0.0,0.0,0.0
600584.SH,0.004643192030454015,0.4643,4,0.0024098721010893,0.0,0.029620867295155298,0.0,0.0,0.0,0.00201076578170169,0.0,0.0216767991875019,0.0,0.0,0.0
002049.SZ,0.004638114420700185,0.4638,4,0.00240723676100306,0.0,0.0295884750951971,0.0,0.0,0.0,0.0020085668883802698,0.0,0.0216530943038218,0.0,0.0,0.0
3988.HK,0.0045687354299187004,0.4569,2,0.0,0.0,0.0,0.0,0.0324610322013888,0.0,0.0,0.0,0.0,0.022363792957635603,0.0,0.0
603893.SH,0.004393672144138542,0.4394,2,0.0,0.0,0.0280720402527071,0.0,0.0,0.0,0.0,0.0,0.0246520254769554,0.0,0.0,0.0
601688.SH,0.0043803267986856345,0.438,2,0.0,0.0,0.0,0.0478692843429885,0.0,0.0,0.0046946372412391205,0.0,0.0,0.0,0.0,0.0
603259.SH,0.004380259285719575,0.438,3,0.0098017082274439,0.0,0.0,0.0,0.0,0.0318568468987718,0.0109045563024192,0.0,0.0,0.0,0.0,0.0
1093.HK,0.004369016615828599,0.4369,3,0.0,0.038897353209579405,0.0,0.0,0.008018558367422511,0.0,0.0,0.0,0.0,0.00551228781294127,0.0,0.0
603369.SH,0.004250842500039026,0.4251,2,0.0,0.0,0.0,0.0,0.0,0.0,0.00104813914987852,0.0499619708505898,0.0,0.0,0.0,0.0
0003.HK,0.004143932728154187,0.4144,2,0.0,0.0449185402599289,0.0,0.0,0.0,0.0,0.0,0.0,0.0,0.004808652477921341,0.0,0.0
2015.HK,0.004143151431557855,0.4143,3,0.0,0.0,0.0,0.0,0.01151086361305,0.0,0.0,0.0,0.0,0.00793766492079356,0.0302692886448507,0.0
1299.HK,0.004097056182905774,0.4097,1,0.0,0.0,0.0,0.0,0.0,0.0,0.0,0.0,0.0,0.04916467419486929,0.0,0.0
601398.SH,0.004053462511075913,0.4053,3,0.00972440491824736,0.0,0.0,0.0,0.0,0.0279182808209034,0.010998864393760199,0.0,0.0,0.0,0.0,0.0
9868.HK,0.0038967280423287164,0.3897,2,0.0,0.0,0.0,0.0,0.0121099718489334,0.0,0.0,0.0,0.0,0.0,0.0346507646590112,0.0
600703.SH,0.0038234896848952826,0.3823,2,0.0,0.0,0.025982943307251597,0.0,0.0,0.0,0.0,0.0,0.0198989329114918,0.0,0.0,0.0
000596.SZ,0.003816352803003633,0.3816,1,0.0,0.0,0.0,0.0,0.0,0.0,0.0,0.0457962336360436,0.0,0.0,0.0,0.0
0175.HK,0.0036044897313401176,0.3604,3,0.0,0.0,0.0,0.0,0.0107122462790406,0.0,0.0,0.0,0.0,0.0071762478741825095,0.025365382622858302,0.0
601288.SH,0.0035076060987005338,0.3508,3,0.0084638339103264,0.0,0.0,0.0,0.0,0.0241538738809472,0.00947356539313281,0.0,0.0,0.0,0.0,0.0
2269.HK,0.0033648887398803114,0.3365,2,0.0,0.0,0.0,0.0,0.0,0.0,0.0,0.0,0.0,0.00825880195112574,0.032119862927438,0.0
1801.HK,0.0032952083654282,0.3295,1,0.0,0.0,0.0,0.0,0.0,0.0,0.0,0.0,0.0,0.0,0.0395425003851384,0.0
002156.SZ,0.003291847499039901,0.3292,3,0.00204268138240571,0.0,0.0209229617508104,0.0,0.0,0.0,0.0,0.0,0.0165365268552627,0.0,0.0,0.0
600600.SH,0.003251797816712699,0.3252,2,0.0,0.0,0.0,0.0,0.0,0.0,0.00169656835821829,0.0373250054423341,0.0,0.0,0.0,0.0
688072.SH,0.0030345644916972164,0.3035,2,0.0,0.0,0.0157146159204863,0.0,0.0,0.0,0.0,0.0,0.0207001579798803,0.0,0.0,0.0
601328.SH,0.0030019495743944125,0.3002,3,0.00715816930537413,0.0,0.0,0.0,0.0,0.0207845369526077,0.00808068863475112,0.0,0.0,0.0,0.0,0.0
688126.SH,0.0029231850954035245,0.2923,4,0.00124973683201083,0.0,0.018774679057283,0.0,0.0,0.0,0.00156414611597257,0.0,0.0134896591395759,0.0,0.0,0.0
600460.SH,0.0029162156922538417,0.2916,4,0.000932031943835632,0.0,0.019093402308724097,0.0,0.0,0.0,0.0015553505426868699,0.0,0.0134138035117995,0.0,0.0,0.0
600999.SH,0.0028656779073920695,0.2866,2,0.0,0.0,0.0,0.031630722663639796,0.0,0.0,0.0027574122250650403,0.0,0.0,0.0,0.0,0.0
300782.SZ,0.002853754093483492,0.2854,4,0.00243563987082149,0.0,0.016631995015600202,0.0,0.0,0.0,0.00203226607195561,0.0,0.0131451481634246,0.0,0.0,0.0
600745.SH,0.0028026550950611007,0.2803,3,0.0012541290654879101,0.0,0.0188406631683091,0.0,0.0,0.0,0.0,0.0,0.0135370689069362,0.0,0.0,0.0
0388.HK,0.0027908595649333,0.2791,1,0.0,0.0,0.0,0.0,0.0,0.0,0.0,0.0,0.0,0.0334903147791996,0.0,0.0
600887.SH,0.002782438684568035,0.2782,3,0.006622316821170799,0.0,0.0,0.0,0.0,0.0191692823251672,0.00759766506847842,0.0,0.0,0.0,0.0,0.0
000776.SZ,0.002751162513431959,0.2751,2,0.0,0.0,0.0,0.0303667269236698,0.0,0.0,0.00264722323751371,0.0,0.0,0.0,0.0,0.0
300661.SZ,0.0026575113258142788,0.2658,4,0.0022681493675622997,0.0,0.0154882704244818,0.0,0.0,0.0,0.00189251418530514,0.0,0.012241201932422102,0.0,0.0,0.0
300308.SZ,0.0026445858932264915,0.2645,2,0.0118912401002718,0.0,0.0,0.0,0.0,0.0,0.0198437906184461,0.0,0.0,0.0,0.0,0.0
300757.SZ,0.0025383973323428585,0.2538,1,0.0,0.0,0.0,0.0,0.0,0.0,0.0,0.0,0.0,0.0,0.0,0.030460767988114302
300502.SZ,0.0025299719761597834,0.253,2,0.0113758847056281,0.0,0.0,0.0,0.0,0.0,0.018983779008289303,0.0,0.0,0.0,0.0,0.0
601877.SH,0.0025231162847843655,0.2523,3,0.000816955426736228,0.0,0.0,0.0,0.0,0.0,0.00136331385928256,0.0,0.0,0.0,0.0,0.0280971261313936
300316.SZ,0.0024521013522134376,0.2452,4,0.000891916211411667,0.0,0.00974485343929182,0.0,0.0,0.0,0.000744203228561767,0.0,0.0,0.0,0.0,0.018044243347296
600958.SH,0.00244818281986905,0.2448,2,0.0,0.0,0.0,0.0268956432785415,0.0,0.0,0.0024825505598871003,0.0,0.0,0.0,0.0,0.0
301269.SZ,0.002441033286627683,0.2441,2,0.0,0.0,0.0155962444243426,0.0,0.0,0.0,0.0,0.0,0.0136961550151896,0.0,0.0,0.0
000333.SZ,0.002440390752568075,0.244,2,0.0130062817723189,0.0,0.0,0.0,0.0,0.0,0.016278407258498,0.0,0.0,0.0,0.0,0.0
2688.HK,0.0024225561937357143,0.2423,3,0.0,0.0202702569527488,0.0,0.0,0.00573241569178462,0.0,0.0,0.0,0.0,0.00306800168029515,0.0,0.0
6618.HK,0.002409866704528125,0.241,3,0.0,0.0,0.0,0.0,0.00650093237862338,0.0,0.0,0.0,0.0,0.00445379497374832,0.0179636731019658,0.0
688120.SH,0.0024066710488236166,0.2407,2,0.0,0.0,0.015376697291292301,0.0,0.0,0.0,0.0,0.0,0.0135033552945911,0.0,0.0,0.0
300724.SZ,0.002398805583994545,0.2399,2,0.00316592189027674,0.0,0.0,0.0,0.0,0.0,0.0,0.0,0.0,0.0,0.0,0.025619745117657803
601816.SH,0.002397697253883407,0.2398,3,0.00569877652872418,0.0,0.0,0.0,0.0,0.0165194224911538,0.0065541680267229094,0.0,0.0,0.0,0.0,0.0
002185.SZ,0.0023883297585861425,0.2388,3,0.0010453515675442101,0.0,0.0157042184242035,0.0,0.0,0.0,0.0,0.0,0.011910387111286001,0.0,0.0,0.0
1038.HK,0.00235896641601815,0.2359,2,0.0,0.0262517988832353,0.0,0.0,0.0,0.0,0.0,0.0,0.0,0.0020557981089825,0.0,0.0
1530.HK,0.0023553150939804165,0.2355,2,0.0,0.015669592840677,0.0,0.0,0.0,0.0,0.0,0.0,0.0,0.0,0.012594188287088,0.0
3968.HK,0.002327598839301808,0.2328,2,0.0,0.0,0.0,0.0,0.016535446389180797,0.0,0.0,0.0,0.0,0.0113957396824409,0.0,0.0
002129.SZ,0.0022884911124140305,0.2288,3,0.00097917524982292,0.0,0.0,0.0,0.0,0.0,0.00122551654447335,0.0,0.0,0.0,0.0,0.0252572015546721
000729.SZ,0.0022468105234584746,0.2247,1,0.0,0.0,0.0,0.0,0.0,0.0,0.0,0.0269617262815017,0.0,0.0,0.0,0.0
688047.SH,0.0022373117481029083,0.2237,2,0.0,0.0,0.0115860100887706,0.0,0.0,0.0,0.0,0.0,0.0152617308884643,0.0,0.0,0.0
2628.HK,0.0022282473943877165,0.2228,2,0.0,0.0,0.0,0.0,0.0158184857993605,0.0,0.0,0.0,0.0,0.010920482933292099,0.0,0.0
9999.HK,0.0022113522005450166,0.2211,1,0.0,0.0,0.0,0.0,0.0265362264065402,0.0,0.0,0.0,0.0,0.0,0.0,0.0
605117.SH,0.0021732608220559587,0.2173,3,0.0018664064121923702,0.0,0.0,0.0,0.0,0.0,0.00155730511452814,0.0,0.0,0.0,0.0,0.022655418337950997
002459.SZ,0.002117407861402826,0.2117,3,0.00111738419656826,0.0,0.0,0.0,0.0,0.0,0.000932330768283554,0.0,0.0,0.0,0.0,0.0233591793719821
000799.SZ,0.0021172098101170413,0.2117,1,0.0,0.0,0.0,0.0,0.0,0.0,0.0,0.0254065177214045,0.0,0.0,0.0,0.0
688396.SH,0.0020717640929988727,0.2072,3,0.0,0.0,0.0125561764727054,0.0,0.0,0.0,0.0012785343056676702,0.0,0.0110264583376134,0.0,0.0,0.0
600702.SH,0.002070923841066525,0.2071,1,0.0,0.0,0.0,0.0,0.0,0.0,0.0,0.0248510860927983,0.0,0.0,0.0,0.0
9926.HK,0.0020681216170622,0.2068,1,0.0,0.0,0.0,0.0,0.0,0.0,0.0,0.0,0.0,0.0,0.0248174594047464,0.0
601601.SH,0.0020479885584796715,0.2048,3,0.0046381985517927795,0.0,0.0,0.0,0.0,0.0141325857814053,0.00580507836855798,0.0,0.0,0.0,0.0,0.0
688521.SH,0.0020149151128115413,0.2015,1,0.0,0.0,0.0,0.0,0.0,0.0,0.0,0.0,0.0241789813537385,0.0,0.0,0.0
000166.SZ,0.00201206604221535,0.2012,2,0.0,0.0,0.0,0.0220260366306526,0.0,0.0,0.0021187558759315998,0.0,0.0,0.0,0.0,0.0
600309.SH,0.0019900171062728557,0.199,3,0.00404202606117093,0.0,0.0,0.0,0.0,0.0147792586459484,0.0050589205681549395,0.0,0.0,0.0,0.0,0.0
2899.HK,0.001988899936379974,0.1989,2,0.0,0.0,0.0,0.0,0.014138304500080601,0.0,0.0,0.0,0.0,0.00972849473647909,0.0,0.0
601995.SH,0.0019774853396038817,0.1977,2,0.0,0.0,0.0,0.0218270483877748,0.0,0.0,0.00190277568747178,0.0,0.0,0.0,0.0,0.0
600031.SH,0.00197663353062257,0.1977,3,0.00495678188666339,0.0,0.0,0.0,0.0,0.0135929779606607,0.00516984252014675,0.0,0.0,0.0,0.0,0.0
601088.SH,0.0019600698577368573,0.196,3,0.00443908396749864,0.0,0.0,0.0,0.0,0.013525883866547,0.00555587045879665,0.0,0.0,0.0,0.0,0.0
300223.SZ,0.0019369823521165348,0.1937,3,0.00231031480894224,0.0,0.0126209608726219,0.0,0.0,0.0,0.0,0.0,0.008312512543834279,0.0,0.0,0.0
688223.SH,0.0019201373989899257,0.192,3,0.000833060282818842,0.0,0.0,0.0,0.0,0.0,0.000973132455469967,0.0,0.0,0.0,0.0,0.0212354560495903
002594.SZ,0.0019197994529484273,0.192,2,0.009636560248705829,0.0,0.0,0.0,0.0,0.0,0.0134010331866753,0.0,0.0,0.0,0.0,0.0
2382.HK,0.0019050038237820627,0.1905,3,0.0,0.0,0.0,0.0,0.00529296790531936,0.0,0.0,0.0,0.0,0.00364265488457739,0.013924423095488001,0.0
0836.HK,0.0019048010863809998,0.1905,2,0.0,0.0205555230185254,0.0,0.0,0.0,0.0,0.0,0.0,0.0,0.0023020900180466,0.0,0.0
300474.SZ,0.00189259117495632,0.1893,2,0.0,0.0,0.0136927027971664,0.0,0.0,0.0,0.0,0.0,0.00901839130230944,0.0,0.0,0.0
601377.SH,0.001884990403453753,0.1885,2,0.0,0.0,0.0,0.0206555401409734,0.0,0.0,0.00196434470047164,0.0,0.0,0.0,0.0,0.0
002568.SZ,0.0018638314569598747,0.1864,1,0.0,0.0,0.0,0.0,0.0,0.0,0.0,0.022365977483518498,0.0,0.0,0.0,0.0
601728.SH,0.0018461415179141516,0.1846,3,0.00443908396749864,0.0,0.0,0.0,0.0,0.0127143308345542,0.0050002834129169805,0.0,0.0,0.0,0.0,0.0
601668.SH,0.0018020162558668998,0.1802,3,0.0042329418096411905,0.0,0.0,0.0,0.0,0.012500914513915799,0.00489033874684581,0.0,0.0,0.0,0.0,0.0
688599.SH,0.001784327048506535,0.1784,3,0.000970390782868767,0.0,0.0,0.0,0.0,0.0,0.0008096813852441551,0.0,0.0,0.0,0.0,0.0196318524139655
688303.SH,0.0017261758505404616,0.1726,3,0.00179613067655915,0.0,0.0,0.0,0.0,0.0,0.000749333979645089,0.0,0.0,0.0,0.0,0.0181686455502813
002335.SZ,0.0016974976793065252,0.1697,1,0.0,0.0,0.0,0.0,0.0,0.0,0.0,0.0,0.0,0.0,0.0,0.020369972151678302
2020.HK,0.0016929308373354623,0.1693,2,0.0,0.0,0.0,0.0,0.0120477914148862,0.0,0.0,0.0,0.0,0.008267378633139349,0.0,0.0
002736.SZ,0.0016773165173484118,0.1677,2,0.0,0.0,0.0,0.0183503594400303,0.0,0.0,0.0017774387681506402,0.0,0.0,0.0,0.0,0.0
600941.SH,0.00165130948332039,0.1651,3,0.00313283373141609,0.0,0.0,0.0,0.0,0.0114548890360042,0.005227991032424389,0.0,0.0,0.0,0.0,0.0
688249.SH,0.0016509320447895856,0.1651,2,0.0,0.0,0.0119443238068273,0.0,0.0,0.0,0.0,0.0,0.00786686073064773,0.0,0.0,0.0
600132.SH,0.0016444956874914667,0.1644,1,0.0,0.0,0.0,0.0,0.0,0.0,0.0,0.0197339482498976,0.0,0.0,0.0,0.0
601881.SH,0.0016395579558653132,0.164,2,0.0,0.0,0.0,0.0178921259511498,0.0,0.0,0.00178256951923396,0.0,0.0,0.0,0.0,0.0
600559.SH,0.0016376274469226831,0.1638,1,0.0,0.0,0.0,0.0,0.0,0.0,0.0,0.019651529363072198,0.0,0.0,0.0,0.0
9618.HK,0.0015738919788161082,0.1574,1,0.0,0.0,0.0,0.0,0.0188867037457933,0.0,0.0,0.0,0.0,0.0,0.0,0.0
601162.SH,0.0015578070187730916,0.1558,1,0.0,0.0,0.0,0.0186936842252771,0.0,0.0,0.0,0.0,0.0,0.0,0.0,0.0
3606.HK,0.0015521747234767,0.1552,1,0.0,0.0186260966817204,0.0,0.0,0.0,0.0,0.0,0.0,0.0,0.0,0.0,0.0
603589.SH,0.0015480417003732997,0.1548,1,0.0,0.0,0.0,0.0,0.0,0.0,0.0,0.0185765004044796,0.0,0.0,0.0,0.0
600690.SH,0.0015353850468478266,0.1535,3,0.00379928195767117,0.0,0.0,0.0,0.0,0.0101872389174297,0.0044380996870730495,0.0,0.0,0.0,0.0,0.0
300763.SZ,0.0015350847054807848,0.1535,2,0.0020259908951928197,0.0,0.0,0.0,0.0,0.0,0.0,0.0,0.0,0.0,0.0,0.0163950255705766
601857.SH,0.0015329517118737473,0.1533,3,0.00357059300129805,0.0,0.0,0.0,0.0,0.0105687473568317,0.00425608018435522,0.0,0.0,0.0,0.0,0.0
601788.SH,0.001512821989388795,0.1513,2,0.0,0.0,0.0,0.0166981964938832,0.0,0.0,0.0014556673787823398,0.0,0.0,0.0,0.0,0.0
601555.SH,0.0015029217639887333,0.1503,1,0.0,0.0,0.0,0.0180350611678648,0.0,0.0,0.0,0.0,0.0,0.0,0.0,0.0
601127.SH,0.001499938142740494,0.15,3,0.00421332316677691,0.0,0.0,0.0,0.0,0.0102703927681132,0.0035155417779958197,0.0,0.0,0.0,0.0,0.0
601919.SH,0.0014950563713685334,0.1495,3,0.00355829474756224,0.0,0.0,0.0,0.0,0.010300014096897401,0.00408236761196276,0.0,0.0,0.0,0.0,0.0
002475.SZ,0.001492320537197849,0.1492,2,0.00795345638029012,0.0,0.0,0.0,0.0,0.0,0.00995439006608407,0.0,0.0,0.0,0.0,0.0
603993.SH,0.0014727124155580792,0.1473,3,0.0035656151366907003,0.0,0.0,0.0,0.0,0.0101401302981583,0.00396680355184795,0.0,0.0,0.0,0.0,0.0
601766.SH,0.0014560459204385006,0.1456,3,0.00355595222304113,0.0,0.0,0.0,0.0,0.0100223587499799,0.00389424007224098,0.0,0.0,0.0,0.0,0.0
601066.SH,0.0014254754361243192,0.1425,2,0.0,0.0,0.0,0.0157340844438839,0.0,0.0,0.0013716207896079299,0.0,0.0,0.0,0.0,0.0
601901.SH,0.001419833225310059,0.142,2,0.0,0.0,0.0,0.0155757346449741,0.0,0.0,0.0014622640587466098,0.0,0.0,0.0,0.0,0.0
600150.SH,0.0014121204043735017,0.1412,3,0.00341891453855634,0.0,0.0,0.0,0.0,0.00972293351082338,0.0038035968031022997,0.0,0.0,0.0,0.0,0.0
0019.HK,0.0013966979716696917,0.1397,1,0.0,0.0167603756600363,0.0,0.0,0.0,0.0,0.0,0.0,0.0,0.0,0.0,0.0
1929.HK,0.0013913307570900559,0.1391,2,0.0,0.0148401425985405,0.0,0.0,0.0,0.0,0.0,0.0,0.0,0.00185582648654017,0.0,0.0
600050.SH,0.0013882594527850466,0.1388,3,0.0033380974425781403,0.0,0.0,0.0,0.0,0.00956090841120828,0.0037601075796341397,0.0,0.0,0.0,0.0,0.0
601878.SH,0.0013856594184555224,0.1386,2,0.0,0.0,0.0,0.0151595409257157,0.0,0.0,0.00146837209575057,0.0,0.0,0.0,0.0,0.0
603198.SH,0.0013482654855681833,0.1348,1,0.0,0.0,0.0,0.0,0.0,0.0,0.0,0.0161791858268182,0.0,0.0,0.0,0.0
600406.SH,0.0013422473889732564,0.1342,3,0.0031624081034950804,0.0,0.0,0.0,0.0,0.00925041978419256,0.0036941407799914398,0.0,0.0,0.0,0.0,0.0
002797.SZ,0.0013356969026031918,0.1336,1,0.0,0.0,0.0,0.0160283628312383,0.0,0.0,0.0,0.0,0.0,0.0,0.0,0.0
6160.HK,0.0013246368923747081,0.1325,1,0.0,0.0,0.0,0.0,0.0158956427084965,0.0,0.0,0.0,0.0,0.0,0.0,0.0
0386.HK,0.001310994140762049,0.1311,2,0.0,0.0,0.0,0.0,0.009318991004802159,0.0,0.0,0.0,0.0,0.00641293868434243,0.0,0.0
600028.SH,0.0013002842770216464,0.13,3,0.00317119257044923,0.0,0.0,0.0,0.0,0.008950637661556689,0.0034815810922538396,0.0,0.0,0.0,0.0,0.0
600732.SH,0.0012873653370835667,0.1287,1,0.0,0.0,0.0,0.0,0.0,0.0,0.0,0.0,0.0,0.0,0.0,0.0154483840450028
6186.HK,0.0012834333236942416,0.1283,1,0.0,0.015401199884330901,0.0,0.0,0.0,0.0,0.0,0.0,0.0,0.0,0.0,0.0
1109.HK,0.0012824978808857693,0.1282,2,0.0,0.0,0.0,0.0,0.00910510606602558,0.0,0.0,0.0,0.0,0.00628486850460365,0.0,0.0
9633.HK,0.0012808551173764367,0.1281,2,0.0,0.0,0.0,0.0,0.00909498389877292,0.0,0.0,0.0,0.0,0.006275277509744321,0.0,0.0
000651.SZ,0.001280764793842429,0.1281,2,0.0072752955314294996,0.0,0.0,0.0,0.0,0.0,0.00809388199467965,0.0,0.0,0.0,0.0,0.0
603806.SH,0.001263655711637686,0.1264,3,0.000432781405274604,0.0,0.0,0.0,0.0,0.0,0.000722214295347533,0.0,0.0,0.0,0.0,0.0140088728390301
601225.SH,0.0012633282137882542,0.1263,3,0.0029764702196321702,0.0,0.0,0.0,0.0,0.008706529361696051,0.00347693898413083,0.0,0.0,0.0,0.0,0.0
688472.SH,0.0012503396806403785,0.125,2,0.0,0.0,0.0,0.0,0.0,0.0,0.0007659478402958441,0.0,0.0,0.0,0.0,0.014238128327388699
601988.SH,0.001229336512228119,0.1229,3,0.0029094154552154698,0.0,0.0,0.0,0.0,0.008470986265339299,0.00337163642618266,0.0,0.0,0.0,0.0,0.0
0358.HK,0.001222259796234975,0.1222,1,0.0,0.0146671175548197,0.0,0.0,0.0,0.0,0.0,0.0,0.0,0.0,0.0,0.0
002056.SZ,0.00118981821283795,0.119,1,0.0,0.0,0.0,0.0,0.0,0.0,0.0,0.0,0.0,0.0,0.0,0.0142778185540554
2359.HK,0.0011820857967153365,0.1182,2,0.0,0.0,0.0,0.0,0.0,0.0,0.0,0.0,0.0,0.00251872180652694,0.011666307754057099,0.0
9961.HK,0.001181575943890475,0.1182,1,0.0,0.0,0.0,0.0,0.0141789113266857,0.0,0.0,0.0,0.0,0.0,0.0,0.0
0020.HK,0.0011583364419191916,0.1158,1,0.0,0.0,0.0,0.0,0.0,0.0,0.0,0.0,0.0,0.0,0.0139000373030303,0.0
601099.SH,0.0011458172764768832,0.1146,1,0.0,0.0,0.0,0.0137498073177226,0.0,0.0,0.0,0.0,0.0,0.0,0.0,0.0
1288.HK,0.0011439296214559584,0.1144,1,0.0,0.0,0.0,0.0,0.013727155457471501,0.0,0.0,0.0,0.0,0.0,0.0,0.0
601985.SH,0.0011211270747790631,0.1121,3,0.0025797051288695898,0.0,0.0,0.0,0.0,0.007860358632208379,0.00301346113627079,0.0,0.0,0.0,0.0,0.0
300760.SZ,0.001103279491039209,0.1103,2,0.00721731804953209,0.0,0.0,0.0,0.0,0.0,0.00602203584293842,0.0,0.0,0.0,0.0,0.0
000860.SZ,0.0011019046825573833,0.1102,1,0.0,0.0,0.0,0.0,0.0,0.0,0.0,0.013222856190688602,0.0,0.0,0.0,0.0
601865.SH,0.0010974380549453558,0.1097,2,0.0,0.0,0.0,0.0,0.0,0.0,0.000437579770963272,0.0,0.0,0.0,0.0,0.012731676888381
000783.SZ,0.0010803053021491665,0.108,1,0.0,0.0,0.0,0.01296366362579,0.0,0.0,0.0,0.0,0.0,0.0,0.0,0.0
601888.SH,0.0010697472688002267,0.107,3,0.00202950468197448,0.0,0.0,0.0,0.0,0.00742067818567577,0.0033867843579524696,0.0,0.0,0.0,0.0,0.0
601778.SH,0.001064083129106383,0.1064,1,0.0,0.0,0.0,0.0,0.0,0.0,0.0,0.0,0.0,0.0,0.0,0.012768997549276599
601628.SH,0.0010594203439509109,0.1059,3,0.00239933074074432,0.0,0.0,0.0,0.0,0.007310758074042621,0.00300295531262399,0.0,0.0,0.0,0.0,0.0
000063.SZ,0.0010548764566010857,0.1055,2,0.00562205885065791,0.0,0.0,0.0,0.0,0.0,0.00703645862855512,0.0,0.0,0.0,0.0,0.0
600779.SH,0.0010528564863216,0.1053,1,0.0,0.0,0.0,0.0,0.0,0.0,0.0,0.0126342778358592,0.0,0.0,0.0,0.0
0268.HK,0.0010497887783189916,0.105,1,0.0,0.0,0.0,0.0,0.0,0.0,0.0,0.0,0.0,0.0,0.0125974653398279,0.0
600000.SH,0.0010430763746036207,0.1043,2,0.00592512296057619,0.0,0.0,0.0,0.0,0.0,0.0065917935346672596,0.0,0.0,0.0,0.0,0.0
600919.SH,0.0010426569249148657,0.1043,2,0.0059640674307396,0.0,0.0,0.0,0.0,0.0,0.00654781566823879,0.0,0.0,0.0,0.0,0.0
601658.SH,0.0010413230532786324,0.1041,3,0.00249654550837028,0.0,0.0,0.0,0.0,0.00717228728406319,0.00282704384691012,0.0,0.0,0.0,0.0,0.0
000725.SZ,0.00102896172020701,0.1029,2,0.00578017925583267,0.0,0.0,0.0,0.0,0.0,0.00656736138665145,0.0,0.0,0.0,0.0,0.0
688728.SH,0.0010280118958375382,0.1028,2,0.0,0.0,0.00689034080593393,0.0,0.0,0.0,0.0,0.0,0.00544580194411653,0.0,0.0,0.0
3998.HK,0.0010182291527347917,0.1018,1,0.0,0.0122187498328175,0.0,0.0,0.0,0.0,0.0,0.0,0.0,0.0,0.0,0.0
603019.SH,0.0010124616324085841,0.1012,2,0.00539600523437104,0.0,0.0,0.0,0.0,0.0,0.00675353435453197,0.0,0.0,0.0,0.0,0.0
688002.SH,0.0010107499013613417,0.1011,1,0.0,0.0,0.0,0.0,0.0,0.0,0.0,0.0,0.012128998816336101,0.0,0.0,0.0
601108.SH,0.0010042833854159332,0.1004,1,0.0,0.0,0.0,0.0120514006249912,0.0,0.0,0.0,0.0,0.0,0.0,0.0,0.0
601137.SH,0.0009971922620249998,0.0997,1,0.0,0.0,0.0,0.0,0.0,0.0,0.0,0.0,0.0,0.0,0.0,0.0119663071443
300394.SZ,0.0009944197165257665,0.0994,2,0.00650519059511543,0.0,0.0,0.0,0.0,0.0,0.00542784600319377,0.0,0.0,0.0,0.0,0.0
300751.SZ,0.0009943290367182,0.0994,1,0.0,0.0,0.0,0.0,0.0,0.0,0.0,0.0,0.0,0.0,0.0,0.0119319484406184
600760.SH,0.0009939651437128058,0.0994,3,0.00188573223949151,0.0,0.0,0.0,0.0,0.00689498882062501,0.00314686066443715,0.0,0.0,0.0,0.0,0.0
0868.HK,0.000993185948973731,0.0993,2,0.0,0.01076721894834,0.0,0.0,0.0,0.0,0.0,0.0,0.0,0.00115101243934477,0.0,0.0
9626.HK,0.0009881726533542332,0.0988,1,0.0,0.0,0.0,0.0,0.0,0.0,0.0,0.0,0.0,0.0,0.011858071840250799,0.0
688111.SH,0.0009879724319408333,0.0988,1,0.0,0.0,0.0,0.0,0.0,0.01185566918329,0.0,0.0,0.0,0.0,0.0,0.0
002506.SZ,0.0009874178032190167,0.0987,1,0.0,0.0,0.0,0.0,0.0,0.0,0.0,0.0,0.0,0.0,0.0,0.011849013638628201
000591.SZ,0.0009849495055407331,0.0985,1,0.0,0.0,0.0,0.0,0.0,0.0,0.0,0.0,0.0,0.0,0.0,0.0118193940664888
0968.HK,0.0009836038166606057,0.0984,3,0.0,0.00678035730727418,0.0,0.0,0.0,0.0,0.0,0.0,0.0,0.000961829135182109,0.0040610593574709804,0.0
601696.SH,0.0009820957292265165,0.0982,1,0.0,0.0,0.0,0.0117851487507182,0.0,0.0,0.0,0.0,0.0,0.0,0.0,0.0
601600.SH,0.0009756150003185241,0.0976,3,0.0022986021863367003,0.0,0.0,0.0,0.0,0.00672368475054737,0.00268509306693822,0.0,0.0,0.0,0.0,0.0
300604.SZ,0.0009755943457365375,0.0976,2,0.00183009728211521,0.0,0.0,0.0,0.0,0.0,0.0,0.0,0.00987703486672324,0.0,0.0,0.0
600109.SH,0.00096784891841015,0.0968,1,0.0,0.0,0.0,0.0116141870209218,0.0,0.0,0.0,0.0,0.0,0.0,0.0,0.0
688213.SH,0.0009651399492434582,0.0965,1,0.0,0.0,0.0,0.0,0.0,0.0,0.0,0.0,0.0115816793909215,0.0,0.0,0.0
688469.SH,0.0009592576262561583,0.0959,1,0.0,0.0,0.0,0.0,0.0,0.0,0.0,0.0,0.0115110915150739,0.0,0.0,0.0
002714.SZ,0.0009590247039341273,0.0959,2,0.0048138878908758394,0.0,0.0,0.0,0.0,0.0,0.00669440855633369,0.0,0.0,0.0,0.0,0.0
3808.HK,0.0009379346450574499,0.0938,1,0.0,0.0112552157406894,0.0,0.0,0.0,0.0,0.0,0.0,0.0,0.0,0.0,0.0
002673.SZ,0.0009322318913692333,0.0932,1,0.0,0.0,0.0,0.0111867826964308,0.0,0.0,0.0,0.0,0.0,0.0,0.0,0.0
688220.SH,0.0009306361741090333,0.0931,1,0.0,0.0,0.0,0.0,0.0,0.0,0.0,0.0,0.0111676340893084,0.0,0.0,0.0
002617.SZ,0.0009300545651757917,0.093,1,0.0,0.0,0.0,0.0,0.0,0.0,0.0,0.0,0.0,0.0,0.0,0.011160654782109501
0285.HK,0.000905713329520004,0.0906,2,0.0,0.0,0.0,0.0,0.0,0.0,0.0,0.0,0.0,0.00214764460244465,0.0087209153517954,0.0
688361.SH,0.0009028048847512417,0.0903,1,0.0,0.0,0.0,0.0,0.0,0.0,0.0,0.0,0.0108336586170149,0.0,0.0,0.0
1258.HK,0.0008934846427251083,0.0893,1,0.0,0.0107218157127013,0.0,0.0,0.0,0.0,0.0,0.0,0.0,0.0,0.0,0.0
600048.SH,0.0008822752113640141,0.0882,3,0.00207928332804801,0.0,0.0,0.0,0.0,0.00619478343418266,0.0023132357741375,0.0,0.0,0.0,0.0,0.0
0241.HK,0.0008814624887472241,0.0881,2,0.0,0.0,0.0,0.0,0.0,0.0,0.0,0.0,0.0,0.00233501641210606,0.008242533452860629,0.0
9888.HK,0.0008761508704775334,0.0876,1,0.0,0.0,0.0,0.0,0.0105138104457304,0.0,0.0,0.0,0.0,0.0,0.0,0.0
600111.SH,0.0008745139953125983,0.0875,2,0.00496761606257351,0.0,0.0,0.0,0.0,0.0,0.00552655188117767,0.0,0.0,0.0,0.0,0.0
600059.SH,0.000871296039981525,0.0871,1,0.0,0.0,0.0,0.0,0.0,0.0,0.0,0.0104555524797783,0.0,0.0,0.0,0.0
000875.SZ,0.0008694331741972416,0.0869,1,0.0,0.0,0.0,0.0,0.0,0.0,0.0,0.0,0.0,0.0,0.0,0.0104331980903669
688099.SH,0.0008666329881726666,0.0867,1,0.0,0.0,0.0,0.0,0.0,0.0,0.0,0.0,0.010399595858072,0.0,0.0,0.0
000728.SZ,0.0008538744318792249,0.0854,1,0.0,0.0,0.0,0.010246493182550699,0.0,0.0,0.0,0.0,0.0,0.0,0.0,0.0
601198.SH,0.0008520059976738,0.0852,1,0.0,0.0,0.0,0.0102240719720856,0.0,0.0,0.0,0.0,0.0,0.0,0.0,0.0
0867.HK,0.0008452979658318,0.0845,1,0.0,0.0101435755899816,0.0,0.0,0.0,0.0,0.0,0.0,0.0,0.0,0.0,0.0
300124.SZ,0.0008340116985002333,0.0834,2,0.0044449402788014096,0.0,0.0,0.0,0.0,0.0,0.00556320010320139,0.0,0.0,0.0,0.0,0.0
3668.HK,0.0008336409490538584,0.0834,1,0.0,0.010003691388646301,0.0,0.0,0.0,0.0,0.0,0.0,0.0,0.0,0.0,0.0
600061.SH,0.0008318235712047153,0.0832,2,0.0,0.0,0.0,0.00918148568545844,0.0,0.0,0.000800397168998145,0.0,0.0,0.0,0.0,0.0
0267.HK,0.0008315051670695933,0.0832,2,0.0,0.0,0.0,0.0,0.00590882498020747,0.0,0.0,0.0,0.0,0.00406923702462765,0.0,0.0
603688.SH,0.0008289530922734583,0.0829,1,0.0,0.0,0.0,0.0,0.0,0.0,0.0,0.0,0.0,0.0,0.0,0.0099474371072815
002230.SZ,0.0008217802601399025,0.0822,2,0.0046680657394369005,0.0,0.0,0.0,0.0,0.0,0.00519329738224193,0.0,0.0,0.0,0.0,0.0
600918.SH,0.0008196371435290169,0.082,2,0.0,0.0,0.0,0.00896708286038593,0.0,0.0,0.0008685628619622731,0.0,0.0,0.0,0.0,0.0
688503.SH,0.0008136496466681242,0.0814,1,0.0,0.0,0.0,0.0,0.0,0.0,0.0,0.0,0.0,0.0,0.0,0.00976379576001749
0780.HK,0.0008081297203122659,0.0808,1,0.0,0.0,0.0,0.0,0.0,0.0,0.0,0.0,0.0,0.00969755664374719,0.0,0.0
2333.HK,0.0008072567417478241,0.0807,1,0.0,0.0,0.0,0.0,0.0,0.0,0.0,0.0,0.0,0.0,0.00968708090097389,0.0
6690.HK,0.0008044907316243442,0.0804,2,0.0,0.0,0.0,0.0,0.00571835493805233,0.0,0.0,0.0,0.0,0.0039355338414398,0.0,0.0
1898.HK,0.0008010890582003309,0.0801,1,0.0,0.00961306869840397,0.0,0.0,0.0,0.0,0.0,0.0,0.0,0.0,0.0,0.0
2057.HK,0.00079903453772845,0.0799,2,0.0,0.0,0.0,0.0,0.00572050146768373,0.0,0.0,0.0,0.0,0.00386791298505767,0.0,0.0
601138.SH,0.0007927010423731632,0.0793,1,0.0,0.0,0.0,0.0,0.0,0.0,0.009512412508477959,0.0,0.0,0.0,0.0,0.0
9863.HK,0.0007865397416679733,0.0787,1,0.0,0.0,0.0,0.0,0.0,0.0,0.0,0.0,0.0,0.0,0.00943847690001568,0.0
300118.SZ,0.000772766618774244,0.0773,2,0.00031624081034950795,0.0,0.0,0.0,0.0,0.0,0.0,0.0,0.0,0.0,0.0,0.00895695861494142
688390.SH,0.0007680355055735149,0.0768,1,0.0,0.0,0.0,0.0,0.0,0.0,0.0,0.0,0.0,0.0,0.0,0.00921642606688218
300776.SZ,0.0007631976421240867,0.0763,1,0.0,0.0,0.0,0.0,0.0,0.0,0.0,0.0,0.0,0.0,0.0,0.00915837170548904
601579.SH,0.0007614788456697383,0.0761,1,0.0,0.0,0.0,0.0,0.0,0.0,0.0,0.009137746148036861,0.0,0.0,0.0,0.0
601059.SH,0.0007609865307690778,0.0761,2,0.0,0.0,0.0,0.00818093916845336,0.0,0.0,0.000950899200775574,0.0,0.0,0.0,0.0,0.0
0220.HK,0.0007609212731827516,0.0761,1,0.0,0.00913105527819302,0.0,0.0,0.0,0.0,0.0,0.0,0.0,0.0,0.0,0.0
600199.SH,0.0007605829882042451,0.0761,1,0.0,0.0,0.0,0.0,0.0,0.0,0.0,0.009126995858450941,0.0,0.0,0.0,0.0
002415.SZ,0.0007605809075989308,0.0761,2,0.004560602427031091,0.0,0.0,0.0,0.0,0.0,0.004566368464156079,0.0,0.0,0.0,0.0,0.0
000001.SZ,0.0007596968801526774,0.076,2,0.00417789248339516,0.0,0.0,0.0,0.0,0.0,0.00493847007843697,0.0,0.0,0.0,0.0,0.0
0762.HK,0.000750468709658395,0.075,2,0.0,0.0,0.0,0.0,0.00540920740809282,0.0,0.0,0.0,0.0,0.00359641710780792,0.0,0.0
0669.HK,0.0007460136565811848,0.0746,1,0.0,0.0,0.0,0.0,0.0,0.0,0.0,0.0,0.0,0.008952163878974219,0.0,0.0
1347.HK,0.0007457366683288858,0.0746,1,0.0,0.0,0.0,0.0,0.0,0.0,0.0,0.0,0.0,0.0,0.00894884001994663,0.0
000750.SZ,0.0007422354881050808,0.0742,1,0.0,0.0,0.0,0.00890682585726097,0.0,0.0,0.0,0.0,0.0,0.0,0.0,0.0
600369.SH,0.0007362798540752883,0.0736,1,0.0,0.0,0.0,0.00883535824890346,0.0,0.0,0.0,0.0,0.0,0.0,0.0,0.0
6990.HK,0.0007322517846405467,0.0732,1,0.0,0.0,0.0,0.0,0.0,0.0,0.0,0.0,0.0,0.0,0.00878702141568656,0.0
600660.SH,0.00072313978759289,0.0723,2,0.00385403846835205,0.0,0.0,0.0,0.0,0.0,0.00482363898276263,0.0,0.0,0.0,0.0,0.0
603160.SH,0.0007216820142619116,0.0722,1,0.0,0.0,0.0,0.0,0.0,0.0,0.0,0.0,0.00866018417114294,0.0,0.0,0.0
2388.HK,0.0007188386541673742,0.0719,1,0.0,0.0,0.0,0.0,0.0,0.0,0.0,0.0,0.0,0.00862606385000849,0.0,0.0
0001.HK,0.0007163054569481657,0.0716,1,0.0,0.0,0.0,0.0,0.0,0.0,0.0,0.0,0.0,0.00859566548337799,0.0,0.0
601990.SH,0.00070872044954527,0.0709,1,0.0,0.0,0.0,0.00850464539454324,0.0,0.0,0.0,0.0,0.0,0.0,0.0,0.0
002518.SZ,0.0007049458169166858,0.0705,1,0.0,0.0,0.0,0.0,0.0,0.0,0.0,0.0,0.0,0.0,0.0,0.00845934980300023
002939.SZ,0.0007047500268587415,0.0705,1,0.0,0.0,0.0,0.008457000322304899,0.0,0.0,0.0,0.0,0.0,0.0,0.0,0.0
601222.SH,0.00069828141318533,0.0698,1,0.0,0.0,0.0,0.0,0.0,0.0,0.0,0.0,0.0,0.0,0.0,0.00837937695822396
0688.HK,0.0006935713951779791,0.0694,2,0.0,0.0,0.0,0.0,0.00490641533527559,0.0,0.0,0.0,0.0,0.0034164414068601602,0.0,0.0
002409.SZ,0.0006932662675623799,0.0693,2,0.0018093073769903801,0.0,0.0,0.0,0.0,0.0,0.0,0.0,0.00650988783375818,0.0,0.0,0.0
002865.SZ,0.0006871740736330717,0.0687,1,0.0,0.0,0.0,0.0,0.0,0.0,0.0,0.0,0.0,0.0,0.0,0.008246088883596861
0002.HK,0.0006826573601707417,0.0683,1,0.0,0.0,0.0,0.0,0.0,0.0,0.0,0.0,0.0,0.008191888322048901,0.0,0.0
1357.HK,0.0006787115229796374,0.0679,1,0.0,0.0,0.0,0.0,0.0,0.0,0.0,0.0,0.0,0.0,0.008144538275755649,0.0
600909.SH,0.0006757892966746541,0.0676,1,0.0,0.0,0.0,0.00810947156009585,0.0,0.0,0.0,0.0,0.0,0.0,0.0,0.0
002352.SZ,0.0006618779663904375,0.0662,2,0.00375975185637748,0.0,0.0,0.0,0.0,0.0,0.00418278374030777,0.0,0.0,0.0,0.0,0.0
300476.SZ,0.0006597378695539841,0.066,1,0.00791685443464781,0.0,0.0,0.0,0.0,0.0,0.0,0.0,0.0,0.0,0.0,0.0
603919.SH,0.0006539759498104816,0.0654,1,0.0,0.0,0.0,0.0,0.0,0.0,0.0,0.00784771139772578,0.0,0.0,0.0,0.0
002461.SZ,0.0006468090900865308,0.0647,1,0.0,0.0,0.0,0.0,0.0,0.0,0.0,0.007761709081038371,0.0,0.0,0.0,0.0
688525.SH,0.00064284132705909,0.0643,1,0.0,0.0,0.0,0.0,0.0,0.0,0.0,0.0,0.00771409592470908,0.0,0.0,0.0
2313.HK,0.0006305953912182766,0.0631,2,0.0,0.0,0.0,0.0,0.00449373024393945,0.0,0.0,0.0,0.0,0.00307341445067987,0.0,0.0
600821.SH,0.0006277374655400958,0.0628,1,0.0,0.0,0.0,0.0,0.0,0.0,0.0,0.0,0.0,0.0,0.0,0.0075328495864811496
603185.SH,0.00062556536358321,0.0626,1,0.0,0.0,0.0,0.0,0.0,0.0,0.0,0.0,0.0,0.0,0.0,0.00750678436299852
600155.SH,0.0006253415731281792,0.0625,1,0.0,0.0,0.0,0.0075040988775381505,0.0,0.0,0.0,0.0,0.0,0.0,0.0,0.0
002463.SZ,0.0006248694293617075,0.0625,2,0.00408770528933252,0.0,0.0,0.0,0.0,0.0,0.0034107278630079703,0.0,0.0,0.0,0.0,0.0
688036.SH,0.0006224644578262724,0.0622,2,0.00527068017249179,0.0,0.0,0.0,0.0,0.0,0.00219889332142348,0.0,0.0,0.0,0.0,0.0
002926.SZ,0.0006142477450334684,0.0614,1,0.0,0.0,0.0,0.00737097294040162,0.0,0.0,0.0,0.0,0.0,0.0,0.0,0.0
300827.SZ,0.0006141124623559925,0.0614,1,0.0,0.0,0.0,0.0,0.0,0.0,0.0,0.0,0.0,0.0,0.0,0.0073693495482719095
600197.SH,0.0006095563504797466,0.061,1,0.0,0.0,0.0,0.0,0.0,0.0,0.0,0.00731467620575696,0.0,0.0,0.0,0.0
300373.SZ,0.0006066694304805116,0.0607,1,0.0,0.0,0.0,0.0,0.0,0.0,0.0,0.0,0.0072800331657661395,0.0,0.0,0.0
2319.HK,0.0006036115954732683,0.0604,2,0.0,0.0,0.0,0.0,0.0043054362708143,0.0,0.0,0.0,0.0,0.00293790287486492,0.0,0.0
3888.HK,0.0005917829906445833,0.0592,1,0.0,0.0,0.0,0.0,0.0,0.0,0.0,0.0,0.0,0.0,0.007101395887735,0.0
1099.HK,0.00059121118924672,0.0591,2,0.0,0.0,0.0,0.0,0.0,0.0,0.0,0.0,0.0,0.00156450777237318,0.00553002649858746,0.0
003022.SZ,0.0005909104641801625,0.0591,1,0.0,0.0,0.0,0.0,0.0,0.0,0.0,0.0,0.0,0.0,0.0,0.00709092557016195
600104.SH,0.0005888858168258842,0.0589,2,0.0033451250161414597,0.0,0.0,0.0,0.0,0.0,0.0037215047857691503,0.0,0.0,0.0,0.0,0.0
600095.SH,0.0005876225576061616,0.0588,1,0.0,0.0,0.0,0.00705147069127394,0.0,0.0,0.0,0.0,0.0,0.0,0.0,0.0
0291.HK,0.0005856965416992825,0.0586,2,0.0,0.0,0.0,0.0,0.00421069357304668,0.0,0.0,0.0,0.0,0.0028176649273447102,0.0,0.0
601236.SH,0.0005833819441197092,0.0583,2,0.0,0.0,0.0,0.00654419080450106,0.0,0.0,0.00045639252493545,0.0,0.0,0.0,0.0,0.0
002027.SZ,0.00057710489443791,0.0577,2,0.00331174404171568,0.0,0.0,0.0,0.0,0.0,0.0036135146915392403,0.0,0.0,0.0,0.0,0.0
2018.HK,0.0005599051776126233,0.056,1,0.0,0.0,0.0,0.0,0.0,0.0,0.0,0.0,0.0,0.0,0.00671886213135148,0.0
688032.SH,0.0005570454200341649,0.0557,1,0.0,0.0,0.0,0.0,0.0,0.0,0.0,0.0,0.0,0.0,0.0,0.00668454504040998
688234.SH,0.0005567135830212625,0.0557,1,0.0,0.0,0.0,0.0,0.0,0.0,0.0,0.0,0.0066805629962551506,0.0,0.0,0.0
002241.SZ,0.0005517711645049258,0.0552,2,0.00313429780924179,0.0,0.0,0.0,0.0,0.0,0.0034869561648173198,0.0,0.0,0.0,0.0,0.0
688385.SH,0.0005447733453157132,0.0545,1,0.0,0.0,0.0,0.0,0.0,0.0,0.0,0.0,0.0065372801437885595,0.0,0.0,0.0
1519.HK,0.0005422900232204816,0.0542,1,0.0,0.0,0.0,0.0,0.00650748027864578,0.0,0.0,0.0,0.0,0.0,0.0,0.0
601136.SH,0.0005418533275185784,0.0542,2,0.0,0.0,0.0,0.00598085789156542,0.0,0.0,0.000521382038657522,0.0,0.0,0.0,0.0,0.0
002500.SZ,0.0005386929368515949,0.0539,1,0.0,0.0,0.0,0.00646431524221914,0.0,0.0,0.0,0.0,0.0,0.0,0.0,0.0
600481.SH,0.00053670664716514,0.0537,1,0.0,0.0,0.0,0.0,0.0,0.0,0.0,0.0,0.0,0.0,0.0,0.006440479765981681
9688.HK,0.000525563924934805,0.0526,1,0.0,0.0,0.0,0.0,0.0,0.0,0.0,0.0,0.0,0.0,0.006306767099217661,0.0
000338.SZ,0.0005243483310681915,0.0524,2,0.0030356189637901296,0.0,0.0,0.0,0.0,0.0,0.00325656100902817,0.0,0.0,0.0,0.0,0.0
000425.SZ,0.0005232350961240866,0.0523,2,0.0028959459392191,0.0,0.0,0.0,0.0,0.0,0.00338287521426994,0.0,0.0,0.0,0.0,0.0
000661.SZ,0.0005074602235439591,0.0507,2,0.0033196500619744104,0.0,0.0,0.0,0.0,0.0,0.0027698726205531,0.0,0.0,0.0,0.0,0.0
000686.SZ,0.0005056450068431399,0.0506,1,0.0,0.0,0.0,0.006067740082117679,0.0,0.0,0.0,0.0,0.0,0.0,0.0,0.0
0763.HK,0.0005013834191143324,0.0501,1,0.0,0.0,0.0,0.0,0.0,0.0,0.0,0.0,0.0,0.0,0.00601660102937199,0.0
300014.SZ,0.0005001641120120141,0.05,2,0.0032719211248568502,0.0,0.0,0.0,0.0,0.0,0.0027300482192873197,0.0,0.0,0.0,0.0,0.0
1548.HK,0.0004942021535411983,0.0494,1,0.0,0.0,0.0,0.0,0.0,0.0,0.0,0.0,0.0,0.0,0.00593042584249438,0.0
002050.SZ,0.0004931609427147441,0.0493,2,0.0028013665116793903,0.0,0.0,0.0,0.0,0.0,0.0031165648008975397,0.0,0.0,0.0,0.0,0.0
600183.SH,0.0004912118279237375,0.0491,2,0.00321335801182916,0.0,0.0,0.0,0.0,0.0,0.00268118392325569,0.0,0.0,0.0,0.0,0.0
000792.SZ,0.0004897994544601783,0.049,2,0.0029369401183384804,0.0,0.0,0.0,0.0,0.0,0.00294065333518366,0.0,0.0,0.0,0.0,0.0
601006.SH,0.0004896401228137941,0.049,2,0.0027100080553562,0.0,0.0,0.0,0.0,0.0,0.00316567341840933,0.0,0.0,0.0,0.0,0.0
601375.SH,0.0004866103333753733,0.0487,1,0.0,0.0,0.0,0.00583932400050448,0.0,0.0,0.0,0.0,0.0,0.0,0.0,0.0
603290.SH,0.00048164811803416664,0.0482,1,0.0,0.0,0.0,0.0,0.0,0.0,0.0,0.0,0.00577977741641,0.0,0.0,0.0
688408.SH,0.00046690318882339,0.0467,1,0.0,0.0,0.0,0.0,0.0,0.0,0.0,0.0,0.0,0.0,0.0,0.00560283826588068
0027.HK,0.00046403933827893413,0.0464,1,0.0,0.0,0.0,0.0,0.0,0.0,0.0,0.0,0.0,0.00556847205934721,0.0,0.0
1177.HK,0.00045914018655488745,0.0459,1,0.0,0.0,0.0,0.0,0.0,0.0,0.0,0.0,0.0,0.005509682238658649,0.0,0.0
1658.HK,0.00045913989832458915,0.0459,1,0.0,0.0,0.0,0.0,0.00550967877989507,0.0,0.0,0.0,0.0,0.0,0.0,0.0
002670.SZ,0.0004535624033669183,0.0454,1,0.0,0.0,0.0,0.00544274884040302,0.0,0.0,0.0,0.0,0.0,0.0,0.0,0.0
603288.SH,0.00045293757855309166,0.0453,2,0.00241397151900124,0.0,0.0,0.0,0.0,0.0,0.00302127942363586,0.0,0.0,0.0,0.0,0.0
603799.SH,0.0004495837069132516,0.045,2,0.00294103953625042,0.0,0.0,0.0,0.0,0.0,0.0024539649467086,0.0,0.0,0.0,0.0,0.0
000977.SZ,0.0004488828013299725,0.0449,2,0.0020183776904992203,0.0,0.0,0.0,0.0,0.0,0.00336821592546045,0.0,0.0,0.0,0.0,0.0
600415.SH,0.0004484636556969908,0.0448,2,0.00263416882398534,0.0,0.0,0.0,0.0,0.0,0.00274739504437855,0.0,0.0,0.0,0.0,0.0
688147.SH,0.00044360245874042995,0.0444,1,0.0,0.0,0.0,0.0,0.0,0.0,0.0,0.0,0.0,0.0,0.0,0.005323229504885159
3328.HK,0.0004426478879799683,0.0443,1,0.0,0.0,0.0,0.0,0.00531177465575962,0.0,0.0,0.0,0.0,0.0,0.0,0.0
2577.HK,0.00043822105259815416,0.0438,1,0.0,0.0,0.0,0.0,0.0,0.0,0.0,0.0,0.0,0.0,0.00525865263117785,0.0
0011.HK,0.0004367671438085492,0.0437,1,0.0,0.0,0.0,0.0,0.0,0.0,0.0,0.0,0.0,0.0052412057257025906,0.0,0.0
0522.HK,0.0004345861607659617,0.0435,1,0.0,0.0,0.0,0.0,0.0,0.0,0.0,0.0,0.0,0.0,0.0052150339291915405,0.0
300433.SZ,0.00043427530112229916,0.0434,2,0.00284089661297308,0.0,0.0,0.0,0.0,0.0,0.00237040700049451,0.0,0.0,0.0,0.0,0.0
2400.HK,0.0004337009798534591,0.0434,1,0.0,0.0,0.0,0.0,0.0,0.0,0.0,0.0,0.0,0.0,0.0052044117582415094,0.0
002028.SZ,0.0004313210473731675,0.0431,2,0.00282157078567394,0.0,0.0,0.0,0.0,0.0,0.00235428178280407,0.0,0.0,0.0,0.0,0.0
601456.SH,0.0004256526674233824,0.0426,1,0.0,0.0,0.0,0.005107832009080589,0.0,0.0,0.0,0.0,0.0,0.0,0.0,0.0
600570.SH,0.00042480753971039495,0.0425,2,0.00226404994965036,0.0,0.0,0.0,0.0,0.0,0.0028336405268743797,0.0,0.0,0.0,0.0,0.0
600436.SH,0.0004221264373432675,0.0422,1,0.0,0.0,0.0,0.0,0.0,0.0,0.00506551724811921,0.0,0.0,0.0,0.0,0.0
000012.SZ,0.00042207890298583085,0.0422,1,0.0,0.0,0.0,0.0,0.0,0.0,0.0,0.0,0.0,0.0,0.0,0.00506494683582997
003035.SZ,0.0004194131414932883,0.0419,1,0.0,0.0,0.0,0.0,0.0,0.0,0.0,0.0,0.0,0.0,0.0,0.00503295769791946
600621.SH,0.0004168943820854525,0.0417,1,0.0,0.0,0.0,0.00500273258502543,0.0,0.0,0.0,0.0,0.0,0.0,0.0,0.0
688516.SH,0.0004164511842793525,0.0416,1,0.0,0.0,0.0,0.0,0.0,0.0,0.0,0.0,0.0,0.0,0.0,0.00499741421135223
600032.SH,0.0004132423972975892,0.0413,1,0.0,0.0,0.0,0.0,0.0,0.0,0.0,0.0,0.0,0.0,0.0,0.004958908767571071
600010.SH,0.0004129626672229425,0.0413,2,0.0023352041319790002,0.0,0.0,0.0,0.0,0.0,0.00262034787469631,0.0,0.0,0.0,0.0,0.0
300015.SZ,0.00041135406322396334,0.0411,2,0.0023366682098047,0.0,0.0,0.0,0.0,0.0,0.00259958054888286,0.0,0.0,0.0,0.0,0.0
000625.SZ,0.0004107425202890483,0.0411,2,0.00218908916497493,0.0,0.0,0.0,0.0,0.0,0.00273982107849365,0.0,0.0,0.0,0.0,0.0
601100.SH,0.0004086717686298275,0.0409,2,0.00267340610971389,0.0,0.0,0.0,0.0,0.0,0.00223065511384404,0.0,0.0,0.0,0.0,0.0
600905.SH,0.0004020480069010883,0.0402,2,0.00223476839313652,0.0,0.0,0.0,0.0,0.0,0.00258980768967654,0.0,0.0,0.0,0.0,0.0
600938.SH,0.00040114753383569996,0.0401,2,0.00227869072790729,0.0,0.0,0.0,0.0,0.0,0.00253507967812111,0.0,0.0,0.0,0.0,0.0
601689.SH,0.0004005626158393525,0.0401,2,0.0018011085411665001,0.0,0.0,0.0,0.0,0.0,0.00300564284890573,0.0,0.0,0.0,0.0,0.0
0853.HK,0.0003963962544824008,0.0396,1,0.0,0.0,0.0,0.0,0.0,0.0,0.0,0.0,0.0,0.0,0.00475675505378881,0.0
600019.SH,0.0003953593054682333,0.0395,2,0.00221924916818418,0.0,0.0,0.0,0.0,0.0,0.0025250624974346198,0.0,0.0,0.0,0.0,0.0
600547.SH,0.0003949193734400317,0.0395,2,0.0021047582822150603,0.0,0.0,0.0,0.0,0.0,0.00263427419906532,0.0,0.0,0.0,0.0,0.0
600016.SH,0.0003948438720589392,0.0395,1,0.0,0.0,0.0,0.0,0.0,0.0,0.0047381264647072706,0.0,0.0,0.0,0.0,0.0
300408.SZ,0.0003906776776123908,0.0391,2,0.00255569425252824,0.0,0.0,0.0,0.0,0.0,0.00213243787882045,0.0,0.0,0.0,0.0,0.0
000938.SZ,0.00039063291619194997,0.0391,2,0.0025554014369631,0.0,0.0,0.0,0.0,0.0,0.0021321935573403,0.0,0.0,0.0,0.0,0.0
000538.SZ,0.00038610563311844,0.0386,2,0.00173610348570577,0.0,0.0,0.0,0.0,0.0,0.00289716411171551,0.0,0.0,0.0,0.0,0.0
601390.SH,0.0003849225834309184,0.0385,2,0.0021431171212481902,0.0,0.0,0.0,0.0,0.0,0.0024759538799228303,0.0,0.0,0.0,0.0,0.0
002179.SZ,0.00038208348488764584,0.0382,2,0.00249947366402166,0.0,0.0,0.0,0.0,0.0,0.00208552815463009,0.0,0.0,0.0,0.0,0.0
002646.SZ,0.00037961960100300164,0.038,1,0.0,0.0,0.0,0.0,0.0,0.0,0.0,0.00455543521203602,0.0,0.0,0.0,0.0
1378.HK,0.00037733265027665834,0.0377,1,0.0,0.0,0.0,0.0,0.0,0.0,0.0,0.0,0.0,0.0045279918033199005,0.0,0.0
600585.SH,0.0003759404991343817,0.0376,2,0.00213550391655459,0.0,0.0,0.0,0.0,0.0,0.00237578207305799,0.0,0.0,0.0,0.0,0.0
1113.HK,0.00037140290086761413,0.0371,1,0.0,0.0,0.0,0.0,0.0,0.0,0.0,0.0,0.0,0.00445683481041137,0.0,0.0
600893.SH,0.0003601503888713683,0.036,2,0.0023559940371038297,0.0,0.0,0.0,0.0,0.0,0.00196581062935259,0.0,0.0,0.0,0.0,0.0
001338.SZ,0.00035894022450785326,0.0359,1,0.0,0.0,0.0,0.0,0.0,0.0,0.0,0.0043072826940942395,0.0,0.0,0.0,0.0
600906.SH,0.0003578051503388875,0.0358,1,0.0,0.0,0.0,0.00429366180406665,0.0,0.0,0.0,0.0,0.0,0.0,0.0,0.0
000712.SZ,0.0003533676191010025,0.0353,1,0.0,0.0,0.0,0.00424041142921203,0.0,0.0,0.0,0.0,0.0,0.0,0.0,0.0
600489.SH,0.000350355999581865,0.035,2,0.00205790779179291,0.0,0.0,0.0,0.0,0.0,0.00214636420318947,0.0,0.0,0.0,0.0,0.0
3896.HK,0.00034985363043937243,0.035,1,0.0,0.0,0.0,0.0,0.0,0.0,0.0,0.0,0.0,0.0,0.004198243565272469,0.0
600160.SH,0.0003493181251245533,0.0349,2,0.0022851326703403297,0.0,0.0,0.0,0.0,0.0,0.00190668483115431,0.0,0.0,0.0,0.0,0.0
002142.SZ,0.00034840243070554164,0.0348,1,0.0,0.0,0.0,0.0,0.0,0.0,0.0041808291684665,0.0,0.0,0.0,0.0,0.0
300861.SZ,0.00034654899403047167,0.0347,1,0.0,0.0,0.0,0.0,0.0,0.0,0.0,0.0,0.0,0.0,0.0,0.0041585879283656604
6862.HK,0.0003407321207377708,0.0341,2,0.0,0.0,0.0,0.0,0.00240537353484263,0.0,0.0,0.0,0.0,0.00168341191401062,0.0,0.0
002384.SZ,0.00033585945321378246,0.0336,1,0.0040303134385653895,0.0,0.0,0.0,0.0,0.0,0.0,0.0,0.0,0.0,0.0,0.0
601669.SH,0.0003356824291711425,0.0336,2,0.00188426816166582,0.0,0.0,0.0,0.0,0.0,0.0021439209883878903,0.0,0.0,0.0,0.0,0.0
0288.HK,0.0003339477705550367,0.0334,1,0.0,0.0,0.0,0.0,0.0,0.0,0.0,0.0,0.0,0.00400737324666044,0.0,0.0
300498.SZ,0.00033001723932364006,0.033,1,0.0,0.0,0.0,0.0,0.0,0.0,0.003960206871883681,0.0,0.0,0.0,0.0,0.0
601229.SH,0.00032812374785241415,0.0328,1,0.0,0.0,0.0,0.0,0.0,0.0,0.00393748497422897,0.0,0.0,0.0,0.0,0.0
1368.HK,0.00032433161978941,0.0324,1,0.0,0.00389197943747292,0.0,0.0,0.0,0.0,0.0,0.0,0.0,0.0,0.0,0.0
601169.SH,0.0003213234666546783,0.0321,1,0.0,0.0,0.0,0.0,0.0,0.0,0.0038558815998561403,0.0,0.0,0.0,0.0,0.0
000002.SZ,0.00031593847788216503,0.0316,2,0.00179466659873346,0.0,0.0,0.0,0.0,0.0,0.00199659513585252,0.0,0.0,0.0,0.0,0.0
300454.SZ,0.0003124830105968975,0.0312,1,0.00374979612716277,0.0,0.0,0.0,0.0,0.0,0.0,0.0,0.0,0.0,0.0,0.0
688271.SH,0.0003096774761004725,0.031,1,0.0,0.0,0.0,0.0,0.0,0.0,0.0037161297132056697,0.0,0.0,0.0,0.0,0.0
002920.SZ,0.000308359191387865,0.0308,1,0.00370031029665438,0.0,0.0,0.0,0.0,0.0,0.0,0.0,0.0,0.0,0.0,0.0
600426.SH,0.00030756241687775415,0.0308,2,0.00163918153364495,0.0,0.0,0.0,0.0,0.0,0.0020515674688881,0.0,0.0,0.0,0.0,0.0
000807.SZ,0.0003001647506457566,0.03,2,0.0017050650358011,0.0,0.0,0.0,0.0,0.0,0.0018969119719479798,0.0,0.0,0.0,0.0,0.0
000963.SZ,0.00029597741651599075,0.0296,2,0.00133084674355418,0.0,0.0,0.0,0.0,0.0,0.0022208822546377098,0.0,0.0,0.0,0.0,0.0
2228.HK,0.00029351092367675246,0.0294,1,0.0,0.0,0.0,0.0,0.0,0.0,0.0,0.0,0.0,0.0,0.00352213108412103,0.0
300347.SZ,0.00029135208565296246,0.0291,2,0.00190593651348606,0.0,0.0,0.0,0.0,0.0,0.00159028851434949,0.0,0.0,0.0,0.0,0.0
600009.SH,0.00028969591309663164,0.029,2,0.00189510233757594,0.0,0.0,0.0,0.0,0.0,0.00158124861958364,0.0,0.0,0.0,0.0,0.0
601009.SH,0.00028823826621659414,0.0288,1,0.0,0.0,0.0,0.0,0.0,0.0,0.0034588591945991297,0.0,0.0,0.0,0.0,0.0
600926.SH,0.00028750530177611914,0.0288,1,0.0,0.0,0.0,0.0,0.0,0.0,0.00345006362131343,0.0,0.0,0.0,0.0,0.0
002466.SZ,0.00028562309105371496,0.0286,2,0.00128428906869717,0.0,0.0,0.0,0.0,0.0,0.00214318802394741,0.0,0.0,0.0,0.0,0.0
600795.SH,0.0002817437140564633,0.0282,2,0.00158149686731268,0.0,0.0,0.0,0.0,0.0,0.00179942770136488,0.0,0.0,0.0,0.0,0.0
300832.SZ,0.00027984840059952666,0.028,2,0.00183068291324548,0.0,0.0,0.0,0.0,0.0,0.0015274978939488401,0.0,0.0,0.0,0.0,0.0
601939.SH,0.000276083272578725,0.0276,1,0.0,0.0,0.0,0.0,0.0,0.0,0.0033129992709447,0.0,0.0,0.0,0.0,0.0
600196.SH,0.0002746560758283258,0.0275,2,0.00179671630768942,0.0,0.0,0.0,0.0,0.0,0.0014991566022504901,0.0,0.0,0.0,0.0,0.0
600346.SH,0.00027449378279042667,0.0274,2,0.00155924288436216,0.0,0.0,0.0,0.0,0.0,0.0017346825091229601,0.0,0.0,0.0,0.0,0.0
002001.SZ,0.0002728394001813017,0.0273,2,0.00145412209647746,0.0,0.0,0.0,0.0,0.0,0.0018199507056981601,0.0,0.0,0.0,0.0,0.0
600989.SH,0.00027171018386635496,0.0272,2,0.00154343084384468,0.0,0.0,0.0,0.0,0.0,0.00171709136255158,0.0,0.0,0.0,0.0,0.0
300418.SZ,0.00027136147296416584,0.0271,2,0.00122016245993185,0.0,0.0,0.0,0.0,0.0,0.00203617521563814,0.0,0.0,0.0,0.0,0.0
301236.SZ,0.00026892661401183,0.0269,2,0.00175923591535171,0.0,0.0,0.0,0.0,0.0,0.00146788345279025,0.0,0.0,0.0,0.0,0.0
0300.HK,0.00026892214887503746,0.0269,1,0.0,0.0,0.0,0.0,0.0,0.0,0.0,0.0,0.0,0.0032270657865004497,0.0,0.0
002460.SZ,0.0002648493185853766,0.0265,2,0.00119088090341801,0.0,0.0,0.0,0.0,0.0,0.00198731091960651,0.0,0.0,0.0,0.0,0.0
600418.SH,0.00026460766569676413,0.0265,1,0.00317529198836117,0.0,0.0,0.0,0.0,0.0,0.0,0.0,0.0,0.0,0.0,0.0
603392.SH,0.00026377905066107083,0.0264,2,0.00172556212536079,0.0,0.0,0.0,0.0,0.0,0.00143978648257206,0.0,0.0,0.0,0.0,0.0
002938.SZ,0.00026180954816164916,0.0262,2,0.00171267824049469,0.0,0.0,0.0,0.0,0.0,0.0014290363374451001,0.0,0.0,0.0,0.0,0.0
002074.SZ,0.00026126763367704164,0.0261,2,0.0011747760473353902,0.0,0.0,0.0,0.0,0.0,0.00196043555678911,0.0,0.0,0.0,0.0,0.0
002422.SZ,0.0002612025121332533,0.0261,2,0.00117448323177025,0.0,0.0,0.0,0.0,0.0,0.00195994691382879,0.0,0.0,0.0,0.0,0.0
002236.SZ,0.00026051146696884917,0.0261,2,0.0017041865891056801,0.0,0.0,0.0,0.0,0.0,0.00142195101452051,0.0,0.0,0.0,0.0,0.0
300442.SZ,0.0002604667055484083,0.026,2,0.00170389377354054,0.0,0.0,0.0,0.0,0.0,0.00142170669304036,0.0,0.0,0.0,0.0,0.0
000768.SZ,0.00025916862435560833,0.0259,2,0.00169540212215153,0.0,0.0,0.0,0.0,0.0,0.00141462137011577,0.0,0.0,0.0,0.0,0.0
1735.HK,0.0002588344322703692,0.0259,1,0.0,0.0,0.0,0.0,0.0,0.0,0.0,0.0,0.0,0.0,0.0031060131872444304,0.0
002625.SZ,0.0002586537492056158,0.0259,1,0.0031038449904673897,0.0,0.0,0.0,0.0,0.0,0.0,0.0,0.0,0.0,0.0,0.0
0066.HK,0.00025483550442014337,0.0255,1,0.0,0.0,0.0,0.0,0.0,0.0,0.0,0.0,0.0,0.0030580260530417205,0.0,0.0
1928.HK,0.000253764323881735,0.0254,1,0.0,0.0,0.0,0.0,0.0,0.0,0.0,0.0,0.0,0.00304517188658082,0.0,0.0
600066.SH,0.00025334963969822835,0.0253,2,0.00165733609868353,0.0,0.0,0.0,0.0,0.0,0.00138285957769521,0.0,0.0,0.0,0.0,0.0
601058.SH,0.0002525315050687858,0.0253,2,0.00126759858148428,0.0,0.0,0.0,0.0,0.0,0.00176277947934115,0.0,0.0,0.0,0.0,0.0
601360.SH,0.00025229128587042583,0.0252,2,0.00134460907511568,0.0,0.0,0.0,0.0,0.0,0.00168288635532943,0.0,0.0,0.0,0.0,0.0
600176.SH,0.00025207034701318085,0.0252,2,0.00143186811352694,0.0,0.0,0.0,0.0,0.0,0.00159297605063123,0.0,0.0,0.0,0.0,0.0
600588.SH,0.00025114248070515666,0.0251,2,0.0014265974333544501,0.0,0.0,0.0,0.0,0.0,0.0015871123351074302,0.0,0.0,0.0,0.0,0.0
601186.SH,0.00025021461439713247,0.025,2,0.00142132675318195,0.0,0.0,0.0,0.0,0.0,0.00158124861958364,0.0,0.0,0.0,0.0,0.0
1797.HK,0.0002501182253276825,0.025,1,0.0,0.0,0.0,0.0,0.0,0.0,0.0,0.0,0.0,0.0,0.00300141870393219,0.0
688777.SH,0.0002480635862664425,0.0248,1,0.0029767630351973102,0.0,0.0,0.0,0.0,0.0,0.0,0.0,0.0,0.0,0.0,0.0
000408.SZ,0.00024524782259833746,0.0245,2,0.0016043364813934698,0.0,0.0,0.0,0.0,0.0,0.00133863738978658,0.0,0.0,0.0,0.0,0.0
000157.SZ,0.00024394018058900084,0.0244,2,0.00130010110921464,0.0,0.0,0.0,0.0,0.0,0.00162718105785337,0.0,0.0,0.0,0.0,0.0
1579.HK,0.00024348746312248334,0.0243,1,0.0,0.0029218495574698,0.0,0.0,0.0,0.0,0.0,0.0,0.0,0.0,0.0,0.0
002252.SZ,0.00024323248038072084,0.0243,2,0.0014081500527507202,0.0,0.0,0.0,0.0,0.0,0.00151063971181793,0.0,0.0,0.0,0.0,0.0
601818.SH,0.00024171538436980997,0.0242,1,0.0,0.0,0.0,0.0,0.0,0.0,0.00290058461243772,0.0,0.0,0.0,0.0,0.0
000630.SZ,0.0002334908096740975,0.0233,2,0.00134402344398541,0.0,0.0,0.0,0.0,0.0,0.00145786627210376,0.0,0.0,0.0,0.0,0.0
601633.SH,0.00023347556902225417,0.0233,2,0.0015273259877620702,0.0,0.0,0.0,0.0,0.0,0.00127438084050498,0.0,0.0,0.0,0.0,0.0
600011.SH,0.00023134799946731167,0.0231,2,0.0013141562563412901,0.0,0.0,0.0,0.0,0.0,0.00146201973726645,0.0,0.0,0.0,0.0,0.0
000975.SZ,0.00022932574634650666,0.0229,2,0.00122221216888782,0.0,0.0,0.0,0.0,0.0,0.00152969678727026,0.0,0.0,0.0,0.0,0.0
600115.SH,0.00022895263117826583,0.0229,2,0.0012851675153925802,0.0,0.0,0.0,0.0,0.0,0.0014622640587466098,0.0,0.0,0.0,0.0,0.0
001979.SZ,0.00022829635589245582,0.0228,2,0.00136891276702217,0.0,0.0,0.0,0.0,0.0,0.0013706435036873,0.0,0.0,0.0,0.0,0.0
300395.SZ,0.00022583400461301665,0.0226,1,0.0027100080553562,0.0,0.0,0.0,0.0,0.0,0.0,0.0,0.0,0.0,0.0,0.0
2331.HK,0.00022561093866438247,0.0226,1,0.0,0.0,0.0,0.0,0.0,0.0,0.0,0.0,0.0,0.0027073312639725898,0.0,0.0
0917.HK,0.00022487361904856252,0.0225,1,0.0,0.0,0.0,0.0,0.0,0.0,0.0,0.0,0.0,0.0,0.0026984834285827502,0.0
3692.HK,0.00022360635249754998,0.0224,1,0.0,0.0,0.0,0.0,0.0,0.0,0.0,0.0,0.0,0.0026832762299706,0.0,0.0
000995.SZ,0.00022217265144246497,0.0222,1,0.0,0.0,0.0,0.0,0.0,0.0,0.0,0.0026660718173095797,0.0,0.0,0.0,0.0
601800.SH,0.00022048300467474583,0.022,2,0.0013220622766000202,0.0,0.0,0.0,0.0,0.0,0.00132373377949693,0.0,0.0,0.0,0.0,0.0
002648.SZ,0.00021976592845855916,0.022,2,0.00117126226055373,0.0,0.0,0.0,0.0,0.0,0.00146592888094898,0.0,0.0,0.0,0.0,0.0
600886.SH,0.0002189764486936583,0.0219,2,0.00124388052070806,0.0,0.0,0.0,0.0,0.0,0.00138383686361584,0.0,0.0,0.0,0.0,0.0
603779.SH,0.00021888784073565416,0.0219,1,0.0,0.0,0.0,0.0,0.0,0.0,0.0,0.00262665408882785,0.0,0.0,0.0,0.0
9901.HK,0.00021837820951875662,0.0218,1,0.0,0.0,0.0,0.0,0.0026205385142250796,0.0,0.0,0.0,0.0,0.0,0.0,0.0
302132.SZ,0.00021498254241583752,0.0215,1,0.0,0.0,0.0,0.0,0.0,0.0,0.0025797905089900504,0.0,0.0,0.0,0.0,0.0
600741.SH,0.00021493107803247167,0.0215,2,0.00114549449082155,0.0,0.0,0.0,0.0,0.0,0.00143367844556811,0.0,0.0,0.0,0.0,0.0
688172.SH,0.00021334395312122166,0.0213,1,0.0,0.0,0.0,0.0,0.0,0.0,0.0,0.0,0.00256012743745466,0.0,0.0,0.0
600029.SH,0.00021136796330027747,0.0211,2,0.00122367624671351,0.0,0.0,0.0,0.0,0.0,0.0013127393128898198,0.0,0.0,0.0,0.0,0.0
601989.SH,0.0002076732581344392,0.0208,1,0.0,0.0,0.0,0.0,0.0,0.0,0.0024920790976132702,0.0,0.0,0.0,0.0,0.0
002601.SZ,0.00020679973867950414,0.0207,2,0.00110215778718106,0.0,0.0,0.0,0.0,0.0,0.00137943907697299,0.0,0.0,0.0,0.0,0.0
300122.SZ,0.00020464921425800416,0.0205,2,0.0013387527638129202,0.0,0.0,0.0,0.0,0.0,0.0011170378072831299,0.0,0.0,0.0,0.0,0.0
300759.SZ,0.00020409091823126824,0.0204,2,0.0009176839811438491,0.0,0.0,0.0,0.0,0.0,0.0015314070376313698,0.0,0.0,0.0,0.0,0.0
0012.HK,0.00020374660327798248,0.0204,1,0.0,0.0,0.0,0.0,0.0,0.0,0.0,0.0,0.0,0.00244495923933579,0.0,0.0
601868.SH,0.00020371746251531415,0.0204,2,0.00113846691725823,0.0,0.0,0.0,0.0,0.0,0.0013061426329255398,0.0,0.0,0.0,0.0,0.0
000617.SZ,0.00020212021076455666,0.0202,2,0.0011481298309078,0.0,0.0,0.0,0.0,0.0,0.0012773126982668801,0.0,0.0,0.0,0.0,0.0
003816.SZ,0.00019998267576835666,0.02,2,0.00110684283622328,0.0,0.0,0.0,0.0,0.0,0.0012929492729969998,0.0,0.0,0.0,0.0,0.0
600372.SH,0.00019918196745581413,0.0199,2,0.00113143934369491,0.0,0.0,0.0,0.0,0.0,0.0012587442657748598,0.0,0.0,0.0,0.0,0.0
1997.HK,0.00019874431423858334,0.0199,1,0.0,0.0,0.0,0.0,0.0,0.0,0.0,0.0,0.0,0.002384931770863,0.0,0.0
002493.SZ,0.00019860818189159832,0.0199,2,0.00116657721151152,0.0,0.0,0.0,0.0,0.0,0.00121672097118766,0.0,0.0,0.0,0.0,0.0
2357.HK,0.00019830689149162,0.0198,1,0.0,0.0,0.0,0.0,0.0,0.0,0.0,0.0,0.0,0.0,0.00237968269789944,0.0
601111.SH,0.0001978664569771575,0.0198,2,0.00109513021361774,0.0,0.0,0.0,0.0,0.0,0.00127926727010815,0.0,0.0,0.0,0.0,0.0
002945.SZ,0.00019758691722369332,0.0198,1,0.0,0.0,0.0,0.00237104300668432,0.0,0.0,0.0,0.0,0.0,0.0,0.0,0.0
002709.SZ,0.00019596549869237498,0.0196,2,0.00128194654417606,0.0,0.0,0.0,0.0,0.0,0.0010696394401324399,0.0,0.0,0.0,0.0,0.0
603296.SH,0.00019568114548334248,0.0196,1,0.0,0.0,0.0,0.0,0.0,0.0,0.00234817374580011,0.0,0.0,0.0,0.0,0.0
601319.SH,0.00019229518740123997,0.0192,2,0.00102485447798452,0.0,0.0,0.0,0.0,0.0,0.0012826877708303598,0.0,0.0,0.0,0.0,0.0
300496.SZ,0.0001910865575499225,0.0191,1,0.00229303869059907,0.0,0.0,0.0,0.0,0.0,0.0,0.0,0.0,0.0,0.0,0.0
600233.SH,0.0001909765918304883,0.0191,2,0.00101782690442119,0.0,0.0,0.0,0.0,0.0,0.0012738921975446699,0.0,0.0,0.0,0.0,0.0
603087.SH,0.00019086694587606832,0.0191,1,0.00229040335051282,0.0,0.0,0.0,0.0,0.0,0.0,0.0,0.0,0.0,0.0,0.0
601117.SH,0.0001892295998039075,0.0189,2,0.00113466031491143,0.0,0.0,0.0,0.0,0.0,0.00113609488273546,0.0,0.0,0.0,0.0,0.0
600362.SH,0.00018859199080974932,0.0189,2,0.000847993876640902,0.0,0.0,0.0,0.0,0.0,0.00141511001307609,0.0,0.0,0.0,0.0,0.0
6088.HK,0.00018850115868109747,0.0189,1,0.0,0.0,0.0,0.0,0.0,0.0,0.0,0.0,0.0,0.0,0.0022620139041731697,0.0
600219.SH,0.00018510932845078331,0.0185,2,0.00105150069441211,0.0,0.0,0.0,0.0,0.0,0.00116981124699729,0.0,0.0,0.0,0.0,0.0
000988.SZ,0.0001836441619359875,0.0184,1,0.00220372994323185,0.0,0.0,0.0,0.0,0.0,0.0,0.0,0.0,0.0,0.0,0.0
002281.SZ,0.00018103322314683582,0.0181,1,0.00217239867776203,0.0,0.0,0.0,0.0,0.0,0.0,0.0,0.0,0.0,0.0,0.0
600161.SH,0.00017994091017435991,0.018,2,0.0011771185718565,0.0,0.0,0.0,0.0,0.0,0.000982172350235819,0.0,0.0,0.0,0.0,0.0
601825.SH,0.00017815107928199417,0.0178,1,0.0,0.0,0.0,0.0,0.0,0.0,0.00213781295138393,0.0,0.0,0.0,0.0,0.0
000301.SZ,0.00017272944941295332,0.0173,2,0.0008670268883748999,0.0,0.0,0.0,0.0,0.0,0.00120572650458054,0.0,0.0,0.0,0.0,0.0
601727.SH,0.0001717851315478808,0.0172,1,0.0020614215785745697,0.0,0.0,0.0,0.0,0.0,0.0,0.0,0.0,0.0,0.0,0.0
000786.SZ,0.00017107429553080443,0.0171,2,0.000769226489618663,0.0,0.0,0.0,0.0,0.0,0.00128366505675099,0.0,0.0,0.0,0.0,0.0
300628.SZ,0.00017027244335902133,0.017,2,0.0011138704097866001,0.0,0.0,0.0,0.0,0.0,0.000929398910521656,0.0,0.0,0.0,0.0,0.0
603979.SH,0.0001684909564400733,0.0168,1,0.00202189147728088,0.0,0.0,0.0,0.0,0.0,0.0,0.0,0.0,0.0,0.0,0.0
2252.HK,0.00016814670610264417,0.0168,1,0.0,0.0,0.0,0.0,0.0,0.0,0.0,0.0,0.0,0.0,0.0020177604732317302,0.0
601916.SH,0.00016622004700093748,0.0166,1,0.0,0.0,0.0,0.0,0.0,0.0,0.00199464056401125,0.0,0.0,0.0,0.0,0.0
600015.SH,0.00016617932675424415,0.0166,1,0.0,0.0,0.0,0.0,0.0,0.0,0.00199415192105093,0.0,0.0,0.0,0.0,0.0
002180.SZ,0.00016267361638216631,0.0163,2,0.000731453281715806,0.0,0.0,0.0,0.0,0.0,0.0012206301148701899,0.0,0.0,0.0,0.0,0.0
001965.SZ,0.00016237660390419617,0.0162,2,0.0009223690301860641,0.0,0.0,0.0,0.0,0.0,0.00102615021666429,0.0,0.0,0.0,0.0,0.0
300339.SZ,0.00016202461270993333,0.0162,1,0.0019442953525192,0.0,0.0,0.0,0.0,0.0,0.0,0.0,0.0,0.0,0.0,0.0
600085.SH,0.00016149920495251048,0.0161,2,0.00105647855901947,0.0,0.0,0.0,0.0,0.0,0.0008815119004106559,0.0,0.0,0.0,0.0,0.0
600674.SH,0.0001609785425958949,0.0161,2,0.000857949605855609,0.0,0.0,0.0,0.0,0.0,0.0010737929052951302,0.0,0.0,0.0,0.0,0.0
1415.HK,0.00015980340516139497,0.016,1,0.0,0.0,0.0,0.0,0.0,0.0,0.0,0.0,0.0,0.0,0.0019176408619367398,0.0
002600.SZ,0.00015952156641993416,0.016,1,0.0,0.0,0.0,0.0,0.0,0.0,0.00191425879703921,0.0,0.0,0.0,0.0,0.0
601618.SH,0.00015912907182611189,0.0159,2,0.0009039216495823429,0.0,0.0,0.0,0.0,0.0,0.001005627212331,0.0,0.0,0.0,0.0,0.0
600039.SH,0.00015592901664330427,0.0156,2,0.000782696005615031,0.0,0.0,0.0,0.0,0.0,0.0010884521941046201,0.0,0.0,0.0,0.0,0.0
600482.SH,0.00015368684333943598,0.0154,2,0.000691044733726702,0.0,0.0,0.0,0.0,0.0,0.00115319738634653,0.0,0.0,0.0,0.0,0.0
002558.SZ,0.00015241050165455417,0.0152,1,0.00182892601985465,0.0,0.0,0.0,0.0,0.0,0.0,0.0,0.0,0.0,0.0,0.0
002195.SZ,0.00015167846274170832,0.0152,1,0.0018201415529004999,0.0,0.0,0.0,0.0,0.0,0.0,0.0,0.0,0.0,0.0,0.0
600487.SH,0.00015160525885042332,0.0152,1,0.00181926310620508,0.0,0.0,0.0,0.0,0.0,0.0,0.0,0.0,0.0,0.0,0.0
0839.HK,0.0001494506227584025,0.0149,1,0.0,0.0,0.0,0.0,0.0,0.0,0.0,0.0,0.0,0.0017934074731008301,0.0,0.0
601838.SH,0.00014822169796261915,0.0148,1,0.0,0.0,0.0,0.0,0.0,0.0,0.0017786603755514298,0.0,0.0,0.0,0.0,0.0
601872.SH,0.00014614434242494215,0.0146,2,0.000778889403268232,0.0,0.0,0.0,0.0,0.0,0.0009748427058310739,0.0,0.0,0.0,0.0,0.0
002595.SZ,0.00014540732938832666,0.0145,1,0.00174488795265992,0.0,0.0,0.0,0.0,0.0,0.0,0.0,0.0,0.0,0.0,0.0
600515.SH,0.00014489679118100915,0.0145,2,0.000793237365960015,0.0,0.0,0.0,0.0,0.0,0.000945524128212095,0.0,0.0,0.0,0.0,0.0
000831.SZ,0.00014426046842486832,0.0144,1,0.00173112562109842,0.0,0.0,0.0,0.0,0.0,0.0,0.0,0.0,0.0,0.0,0.0
600188.SH,0.00014361703424766874,0.0144,2,0.000765419887271864,0.0,0.0,0.0,0.0,0.0,0.000957984523700161,0.0,0.0,0.0,0.0,0.0
601077.SH,0.0001428873456458325,0.0143,1,0.0,0.0,0.0,0.0,0.0,0.0,0.00171464814774999,0.0,0.0,0.0,0.0,0.0
601998.SH,0.00014256158367228832,0.0143,1,0.0,0.0,0.0,0.0,0.0,0.0,0.00171073900406746,0.0,0.0,0.0,0.0,0.0
600839.SH,0.00014079548423739664,0.0141,1,0.0016895458108487599,0.0,0.0,0.0,0.0,0.0,0.0,0.0,0.0,0.0,0.0,0.0
600988.SH,0.0001368912767022175,0.0137,1,0.0016426953204266102,0.0,0.0,0.0,0.0,0.0,0.0,0.0,0.0,0.0,0.0,0.0
1209.HK,0.00013676524994894916,0.0137,1,0.0,0.0,0.0,0.0,0.0,0.0,0.0,0.0,0.0,0.00164118299938739,0.0,0.0
000999.SZ,0.00013495568263076992,0.0135,2,0.0008828389288923751,0.0,0.0,0.0,0.0,0.0,0.000736629262676864,0.0,0.0,0.0,0.0,0.0
601336.SH,0.00013386781100332748,0.0134,1,0.0,0.0,0.0,0.0,0.0,0.0,0.0016064137320399299,0.0,0.0,0.0,0.0,0.0
603606.SH,0.00013347509510893581,0.0133,1,0.0016017011413072299,0.0,0.0,0.0,0.0,0.0,0.0,0.0,0.0,0.0,0.0,0.0
600096.SH,0.00013342629251474584,0.0133,1,0.0016011155101769501,0.0,0.0,0.0,0.0,0.0,0.0,0.0,0.0,0.0,0.0,0.0
002273.SZ,0.00013332868732636666,0.0133,1,0.0015999442479164,0.0,0.0,0.0,0.0,0.0,0.0,0.0,0.0,0.0,0.0,0.0
300676.SZ,0.00013157179393553584,0.0132,1,0.00157886152722643,0.0,0.0,0.0,0.0,0.0,0.0,0.0,0.0,0.0,0.0,0.0
002456.SZ,0.00013069334724012083,0.0131,1,0.00156832016688145,0.0,0.0,0.0,0.0,0.0,0.0,0.0,0.0,0.0,0.0,0.0
002294.SZ,0.0001306445446459308,0.0131,1,0.0015677345357511699,0.0,0.0,0.0,0.0,0.0,0.0,0.0,0.0,0.0,0.0,0.0
600392.SH,0.0001274723760235975,0.0127,1,0.00152966851228317,0.0,0.0,0.0,0.0,0.0,0.0,0.0,0.0,0.0,0.0,0.0
002131.SZ,0.00012715515916136415,0.0127,1,0.0015258619099363698,0.0,0.0,0.0,0.0,0.0,0.0,0.0,0.0,0.0,0.0,0.0
000423.SZ,0.00012647192284270833,0.0126,1,0.0015176630741125,0.0,0.0,0.0,0.0,0.0,0.0,0.0,0.0,0.0,0.0,0.0
002340.SZ,0.0001257154826327675,0.0126,1,0.00150858579159321,0.0,0.0,0.0,0.0,0.0,0.0,0.0,0.0,0.0,0.0,0.0
000733.SZ,0.00012439781258964417,0.0124,1,0.00149277375107573,0.0,0.0,0.0,0.0,0.0,0.0,0.0,0.0,0.0,0.0,0.0
002311.SZ,0.00012372846957676333,0.0124,1,0.0,0.0,0.0,0.0,0.0,0.0,0.00148474163492116,0.0,0.0,0.0,0.0,0.0
600803.SH,0.00012216801614609425,0.0122,2,0.0005493220001996999,0.0,0.0,0.0,0.0,0.0,0.000916694193553431,0.0,0.0,0.0,0.0,0.0
300207.SZ,0.00012107923618474167,0.0121,1,0.0014529508342169001,0.0,0.0,0.0,0.0,0.0,0.0,0.0,0.0,0.0,0.0,0.0
300073.SZ,0.000119590757061955,0.012,1,0.00143508908474346,0.0,0.0,0.0,0.0,0.0,0.0,0.0,0.0,0.0,0.0,0.0
601238.SH,0.0001195401093504224,0.012,2,0.0006790392955560259,0.0,0.0,0.0,0.0,0.0,0.0007554420166490431,0.0,0.0,0.0,0.0,0.0
600332.SH,0.00011911013979452032,0.0119,2,0.0007791822188333699,0.0,0.0,0.0,0.0,0.0,0.0006501394587008739,0.0,0.0,0.0,0.0,0.0
300037.SZ,0.00011783386367112417,0.0118,1,0.00141400636405349,0.0,0.0,0.0,0.0,0.0,0.0,0.0,0.0,0.0,0.0,0.0
300413.SZ,0.0001162006474658305,0.0116,2,0.000760149207099372,0.0,0.0,0.0,0.0,0.0,0.000634258562490594,0.0,0.0,0.0,0.0,0.0
0960.HK,0.00011617681879459166,0.0116,1,0.0,0.0,0.0,0.0,0.0,0.0,0.0,0.0,0.0,0.0013941218255351,0.0,0.0
600143.SH,0.00011580855601225,0.0116,1,0.001389702672147,0.0,0.0,0.0,0.0,0.0,0.0,0.0,0.0,0.0,0.0,0.0
600763.SH,0.00011568654952677583,0.0116,1,0.00138823859432131,0.0,0.0,0.0,0.0,0.0,0.0,0.0,0.0,0.0,0.0,0.0
002353.SZ,0.00011517412228778334,0.0115,1,0.0013820894674534002,0.0,0.0,0.0,0.0,0.0,0.0,0.0,0.0,0.0,0.0,0.0
600845.SH,0.00011472352059126482,0.0115,2,0.0007504862934498039,0.0,0.0,0.0,0.0,0.0,0.000626195953645374,0.0,0.0,0.0,0.0,0.0
000034.SZ,0.00011390525483885084,0.0114,1,0.00136686305806621,0.0,0.0,0.0,0.0,0.0,0.0,0.0,0.0,0.0,0.0,0.0
603596.SH,0.0001135880379766175,0.0114,1,0.00136305645571941,0.0,0.0,0.0,0.0,0.0,0.0,0.0,0.0,0.0,0.0,0.0
0322.HK,0.00011347198453930666,0.0113,1,0.0,0.0,0.0,0.0,0.0,0.0,0.0,0.0,0.0,0.00136166381447168,0.0,0.0
000426.SZ,0.00011268518998410666,0.0113,1,0.00135222227980928,0.0,0.0,0.0,0.0,0.0,0.0,0.0,0.0,0.0,0.0,0.0
600018.SH,0.00011146784505763366,0.0111,2,0.000654735603649536,0.0,0.0,0.0,0.0,0.0,0.000682878537042068,0.0,0.0,0.0,0.0,0.0
002517.SZ,0.00010882978504311749,0.0109,1,0.00130595742051741,0.0,0.0,0.0,0.0,0.0,0.0,0.0,0.0,0.0,0.0,0.0
601021.SH,0.00010664632608903832,0.0107,1,0.0,0.0,0.0,0.0,0.0,0.0,0.0012797559130684599,0.0,0.0,0.0,0.0,0.0
002436.SZ,0.00010629205014525083,0.0106,1,0.00127550460174301,0.0,0.0,0.0,0.0,0.0,0.0,0.0,0.0,0.0,0.0,0.0
603260.SH,0.00010560795979836665,0.0106,1,0.0,0.0,0.0,0.0,0.0,0.0,0.0012672955175803999,0.0,0.0,0.0,0.0,0.0
002465.SZ,0.00010482797231955917,0.0105,1,0.00125793566783471,0.0,0.0,0.0,0.0,0.0,0.0,0.0,0.0,0.0,0.0,0.0
000895.SZ,0.00010428455178084333,0.0104,1,0.0,0.0,0.0,0.0,0.0,0.0,0.00125141462137012,0.0,0.0,0.0,0.0,0.0
002738.SZ,0.00010246104650135667,0.0102,1,0.00122953255801628,0.0,0.0,0.0,0.0,0.0,0.0,0.0,0.0,0.0,0.0,0.0
002841.SZ,0.00010077735700181082,0.0101,1,0.00120932828402173,0.0,0.0,0.0,0.0,0.0,0.0,0.0,0.0,0.0,0.0,0.0
600316.SH,0.00010016732457443915,0.01,1,0.00120200789489327,0.0,0.0,0.0,0.0,0.0,0.0,0.0,0.0,0.0,0.0,0.0
300002.SZ,0.00010014292327734418,0.01,1,0.0012017150793281301,0.0,0.0,0.0,0.0,0.0,0.0,0.0,0.0,0.0,0.0,0.0
300450.SZ,9.931327917611833e-05,0.0099,1,0.00119175935011342,0.0,0.0,0.0,0.0,0.0,0.0,0.0,0.0,0.0,0.0,0.0
300024.SZ,9.75563857852875e-05,0.0098,1,0.00117067662942345,0.0,0.0,0.0,0.0,0.0,0.0,0.0,0.0,0.0,0.0,0.0
002532.SZ,9.740997800271834e-05,0.0097,1,0.00116891973603262,0.0,0.0,0.0,0.0,0.0,0.0,0.0,0.0,0.0,0.0,0.0
600038.SH,9.723916892305498e-05,0.0097,1,0.00116687002707666,0.0,0.0,0.0,0.0,0.0,0.0,0.0,0.0,0.0,0.0,0.0
300251.SZ,9.697075465501083e-05,0.0097,1,0.00116364905586013,0.0,0.0,0.0,0.0,0.0,0.0,0.0,0.0,0.0,0.0,0.0
002432.SZ,9.67267416840625e-05,0.0097,1,0.00116072090020875,0.0,0.0,0.0,0.0,0.0,0.0,0.0,0.0,0.0,0.0,0.0
002555.SZ,9.589709758283667e-05,0.0096,1,0.00115076517099404,0.0,0.0,0.0,0.0,0.0,0.0,0.0,0.0,0.0,0.0,0.0
300003.SZ,9.560428201769833e-05,0.0096,1,0.00114725138421238,0.0,0.0,0.0,0.0,0.0,0.0,0.0,0.0,0.0,0.0,0.0
600026.SH,9.534182554014591e-05,0.0095,2,0.000623697153744862,0.0,0.0,0.0,0.0,0.0,0.000520404752736889,0.0,0.0,0.0,0.0,0.0
601168.SH,9.433541456876499e-05,0.0094,1,0.00113202497482518,0.0,0.0,0.0,0.0,0.0,0.0,0.0,0.0,0.0,0.0,0.0
600895.SH,9.409140159781666e-05,0.0094,1,0.0011290968191738,0.0,0.0,0.0,0.0,0.0,0.0,0.0,0.0,0.0,0.0,0.0
000933.SZ,9.409140159781666e-05,0.0094,1,0.0011290968191738,0.0,0.0,0.0,0.0,0.0,0.0,0.0,0.0,0.0,0.0,0.0
002223.SZ,9.262732377212416e-05,0.0093,1,0.00111152788526549,0.0,0.0,0.0,0.0,0.0,0.0,0.0,0.0,0.0,0.0,0.0
300919.SZ,9.2480915989555e-05,0.0092,1,0.00110977099187466,0.0,0.0,0.0,0.0,0.0,0.0,0.0,0.0,0.0,0.0,0.0
002085.SZ,9.238331080117581e-05,0.0092,1,0.0011085997296141098,0.0,0.0,0.0,0.0,0.0,0.0,0.0,0.0,0.0,0.0,0.0
0316.HK,9.200675695968749e-05,0.0092,1,0.0,0.0,0.0,0.0,0.0,0.0,0.0,0.0,0.0,0.00110408108351625,0.0,0.0
300627.SZ,9.167567318542415e-05,0.0092,1,0.0011001080782250898,0.0,0.0,0.0,0.0,0.0,0.0,0.0,0.0,0.0,0.0,0.0
300346.SZ,8.9674766823645e-05,0.009,1,0.00107609720188374,0.0,0.0,0.0,0.0,0.0,0.0,0.0,0.0,0.0,0.0,0.0
600118.SH,8.9625964229455e-05,0.009,1,0.00107551157075346,0.0,0.0,0.0,0.0,0.0,0.0,0.0,0.0,0.0,0.0,0.0
002472.SZ,8.930874736722165e-05,0.0089,1,0.00107170496840666,0.0,0.0,0.0,0.0,0.0,0.0,0.0,0.0,0.0,0.0,0.0
1876.HK,8.92595304244075e-05,0.0089,1,0.0,0.0,0.0,0.0,0.0,0.0,0.0,0.0,0.0,0.0010711143650928901,0.0,0.0
301358.SZ,8.879632012823e-05,0.0089,1,0.00106555584153876,0.0,0.0,0.0,0.0,0.0,0.0,0.0,0.0,0.0,0.0,0.0
002008.SZ,8.874751753404e-05,0.0089,1,0.00106497021040848,0.0,0.0,0.0,0.0,0.0,0.0,0.0,0.0,0.0,0.0,0.0
300017.SZ,8.828389288923749e-05,0.0088,1,0.00105940671467085,0.0,0.0,0.0,0.0,0.0,0.0,0.0,0.0,0.0,0.0,0.0
000066.SZ,8.803987991828917e-05,0.0088,1,0.00105647855901947,0.0,0.0,0.0,0.0,0.0,0.0,0.0,0.0,0.0,0.0,0.0
002138.SZ,8.745424878801167e-05,0.0087,1,0.00104945098545614,0.0,0.0,0.0,0.0,0.0,0.0,0.0,0.0,0.0,0.0,0.0
688009.SH,8.613692226155917e-05,0.0086,2,0.000489294809346321,0.0,0.0,0.0,0.0,0.0,0.000544348257792389,0.0,0.0,0.0,0.0,0.0
000708.SZ,8.589531625623575e-05,0.0086,2,0.000386223730417593,0.0,0.0,0.0,0.0,0.0,0.000644520064657236,0.0,0.0,0.0,0.0,0.0
002756.SZ,8.559975020880166e-05,0.0086,1,0.00102719700250562,0.0,0.0,0.0,0.0,0.0,0.0,0.0,0.0,0.0,0.0,0.0
600879.SH,8.550214502042249e-05,0.0086,1,0.00102602574024507,0.0,0.0,0.0,0.0,0.0,0.0,0.0,0.0,0.0,0.0,0.0
601607.SH,8.276386639611725e-05,0.0083,2,0.000541415979940962,0.0,0.0,0.0,0.0,0.0,0.00045175041681244497,0.0,0.0,0.0,0.0,0.0
002202.SZ,8.242758158646891e-05,0.0082,1,0.000989130979037627,0.0,0.0,0.0,0.0,0.0,0.0,0.0,0.0,0.0,0.0,0.0
1044.HK,8.167648209556191e-05,0.0082,1,0.0,0.0,0.0,0.0,0.0,0.0,0.0,0.0,0.0,0.000980117785146743,0.0,0.0
605589.SH,8.152473359395867e-05,0.0082,1,0.000978296803127504,0.0,0.0,0.0,0.0,0.0,0.0,0.0,0.0,0.0,0.0,0.0
002065.SZ,8.103670765206134e-05,0.0081,1,0.0009724404918247361,0.0,0.0,0.0,0.0,0.0,0.0,0.0,0.0,0.0,0.0,0.0
600875.SH,8.091113017904525e-05,0.0081,1,0.0,0.0,0.0,0.0,0.0,0.0,0.0009709335621485431,0.0,0.0,0.0,0.0,0.0
300383.SZ,8.057308300725882e-05,0.0081,1,0.000966876996087106,0.0,0.0,0.0,0.0,0.0,0.0,0.0,0.0,0.0,0.0,0.0
000876.SZ,7.981168351833357e-05,0.008,1,0.0,0.0,0.0,0.0,0.0,0.0,0.0009577402022200029,0.0,0.0,0.0,0.0,0.0
600549.SH,7.9792241500223e-05,0.008,1,0.000957506898002676,0.0,0.0,0.0,0.0,0.0,0.0,0.0,0.0,0.0,0.0,0.0
002812.SZ,7.954822852927424e-05,0.008,1,0.000954578742351291,0.0,0.0,0.0,0.0,0.0,0.0,0.0,0.0,0.0,0.0,0.0
002624.SZ,7.945062334089483e-05,0.0079,1,0.000953407480090738,0.0,0.0,0.0,0.0,0.0,0.0,0.0,0.0,0.0,0.0,0.0
2556.HK,7.938377757870116e-05,0.0079,1,0.0,0.0,0.0,0.0,0.0,0.0,0.0,0.0,0.0,0.0,0.0009526053309444139,0.0
002444.SZ,7.862097923966924e-05,0.0079,1,0.0009434517508760309,0.0,0.0,0.0,0.0,0.0,0.0,0.0,0.0,0.0,0.0,0.0
0101.HK,7.840193695546726e-05,0.0078,1,0.0,0.0,0.0,0.0,0.0,0.0,0.0,0.0,0.0,0.0009408232434656071,0.0,0.0
300054.SZ,7.837696626872058e-05,0.0078,1,0.000940523595224647,0.0,0.0,0.0,0.0,0.0,0.0,0.0,0.0,0.0,0.0,0.0
300699.SZ,7.742531568202067e-05,0.0077,1,0.000929103788184248,0.0,0.0,0.0,0.0,0.0,0.0,0.0,0.0,0.0,0.0,0.0
600352.SH,7.657127028370024e-05,0.0077,1,0.000918855243404403,0.0,0.0,0.0,0.0,0.0,0.0,0.0,0.0,0.0,0.0,0.0
600027.SH,7.653370365954482e-05,0.0077,1,0.0,0.0,0.0,0.0,0.0,0.0,0.0009184044439145379,0.0,0.0,0.0,0.0,0.0
603899.SH,7.5302402834767e-05,0.0075,1,0.000903628834017204,0.0,0.0,0.0,0.0,0.0,0.0,0.0,0.0,0.0,0.0,0.0
600256.SH,7.510719245800808e-05,0.0075,1,0.000901286309496097,0.0,0.0,0.0,0.0,0.0,0.0,0.0,0.0,0.0,0.0,0.0
000878.SZ,7.432635095097224e-05,0.0074,1,0.000891916211411667,0.0,0.0,0.0,0.0,0.0,0.0,0.0,0.0,0.0,0.0,0.0
002078.SZ,7.403353538583383e-05,0.0074,1,0.000888402424630006,0.0,0.0,0.0,0.0,0.0,0.0,0.0,0.0,0.0,0.0,0.0
002152.SZ,7.3057483502039e-05,0.0073,1,0.000876689802024468,0.0,0.0,0.0,0.0,0.0,0.0,0.0,0.0,0.0,0.0,0.0
002410.SZ,7.276466793690057e-05,0.0073,1,0.0008731760152428069,0.0,0.0,0.0,0.0,0.0,0.0,0.0,0.0,0.0,0.0,0.0
600023.SH,7.254311948362816e-05,0.0073,1,0.0,0.0,0.0,0.0,0.0,0.0,0.000870517433803538,0.0,0.0,0.0,0.0,0.0
600511.SH,7.2496253668857e-05,0.0072,1,0.0008699550440262841,0.0,0.0,0.0,0.0,0.0,0.0,0.0,0.0,0.0,0.0,0.0
603613.SH,7.220343810371857e-05,0.0072,1,0.000866441257244623,0.0,0.0,0.0,0.0,0.0,0.0,0.0,0.0,0.0,0.0,0.0
000932.SZ,7.210583291533909e-05,0.0072,1,0.0008652699949840691,0.0,0.0,0.0,0.0,0.0,0.0,0.0,0.0,0.0,0.0,0.0
000983.SZ,7.146403294626291e-05,0.0071,1,0.0,0.0,0.0,0.0,0.0,0.0,0.0008575683953551549,0.0,0.0,0.0,0.0,0.0
601233.SH,7.134939270539816e-05,0.0071,1,0.0008561927124647779,0.0,0.0,0.0,0.0,0.0,0.0,0.0,0.0,0.0,0.0,0.0
603816.SH,7.005612395937007e-05,0.007,1,0.0008406734875124409,0.0,0.0,0.0,0.0,0.0,0.0,0.0,0.0,0.0,0.0,0.0
300058.SZ,6.9885314879706e-05,0.007,1,0.0008386237785564719,0.0,0.0,0.0,0.0,0.0,0.0,0.0,0.0,0.0,0.0,0.0
601898.SH,6.938730036491858e-05,0.0069,1,0.0,0.0,0.0,0.0,0.0,0.0,0.000832647604379023,0.0,0.0,0.0,0.0,0.0
300438.SZ,6.927528245233424e-05,0.0069,1,0.000831303389428011,0.0,0.0,0.0,0.0,0.0,0.0,0.0,0.0,0.0,0.0,0.0
300999.SZ,6.893937765129524e-05,0.0069,1,0.0,0.0,0.0,0.0,0.0,0.0,0.000827272531815543,0.0,0.0,0.0,0.0,0.0
002405.SZ,6.866525002496249e-05,0.0069,1,0.00082398300029955,0.0,0.0,0.0,0.0,0.0,0.0,0.0,0.0,0.0,0.0,0.0
600141.SH,6.778680332954724e-05,0.0068,1,0.000813441639954567,0.0,0.0,0.0,0.0,0.0,0.0,0.0,0.0,0.0,0.0,0.0
002544.SZ,6.66155410689935e-05,0.0067,1,0.000799386492827922,0.0,0.0,0.0,0.0,0.0,0.0,0.0,0.0,0.0,0.0,0.0
300136.SZ,6.637152809804475e-05,0.0066,1,0.000796458337176537,0.0,0.0,0.0,0.0,0.0,0.0,0.0,0.0,0.0,0.0,0.0
600498.SH,6.627392290966532e-05,0.0066,1,0.000795287074915984,0.0,0.0,0.0,0.0,0.0,0.0,0.0,0.0,0.0,0.0,0.0
600637.SH,6.62495216125704e-05,0.0066,1,0.000794994259350845,0.0,0.0,0.0,0.0,0.0,0.0,0.0,0.0,0.0,0.0,0.0
600315.SH,6.617631772128583e-05,0.0066,1,0.00079411581265543,0.0,0.0,0.0,0.0,0.0,0.0,0.0,0.0,0.0,0.0,0.0
002407.SZ,6.612751512709609e-05,0.0066,1,0.0007935301815251531,0.0,0.0,0.0,0.0,0.0,0.0,0.0,0.0,0.0,0.0,0.0
300012.SZ,6.593230475033717e-05,0.0066,1,0.0007911876570040461,0.0,0.0,0.0,0.0,0.0,0.0,0.0,0.0,0.0,0.0,0.0
300457.SZ,6.524906843168083e-05,0.0065,1,0.00078298882118017,0.0,0.0,0.0,0.0,0.0,0.0,0.0,0.0,0.0,0.0,0.0
601677.SH,6.520026583749108e-05,0.0065,1,0.000782403190049893,0.0,0.0,0.0,0.0,0.0,0.0,0.0,0.0,0.0,0.0,0.0
605358.SH,6.505385805492182e-05,0.0065,1,0.000780646296659062,0.0,0.0,0.0,0.0,0.0,0.0,0.0,0.0,0.0,0.0,0.0
600521.SH,6.488304897525775e-05,0.0065,1,0.000778596587703093,0.0,0.0,0.0,0.0,0.0,0.0,0.0,0.0,0.0,0.0,0.0
002831.SZ,6.4834246381068e-05,0.0065,1,0.0007780109565728161,0.0,0.0,0.0,0.0,0.0,0.0,0.0,0.0,0.0,0.0,0.0
300568.SZ,6.451702951883474e-05,0.0065,1,0.000774204354226017,0.0,0.0,0.0,0.0,0.0,0.0,0.0,0.0,0.0,0.0,0.0
000818.SZ,6.444382562755007e-05,0.0064,1,0.000773325907530601,0.0,0.0,0.0,0.0,0.0,0.0,0.0,0.0,0.0,0.0,0.0
600885.SH,6.363858282341941e-05,0.0064,1,0.0007636629938810329,0.0,0.0,0.0,0.0,0.0,0.0,0.0,0.0,0.0,0.0,0.0
002130.SZ,6.339456985247075e-05,0.0063,1,0.000760734838229649,0.0,0.0,0.0,0.0,0.0,0.0,0.0,0.0,0.0,0.0,0.0
300142.SZ,6.329696466409124e-05,0.0063,1,0.000759563575969095,0.0,0.0,0.0,0.0,0.0,0.0,0.0,0.0,0.0,0.0,0.0
600323.SH,6.300414909895282e-05,0.0063,1,0.000756049789187434,0.0,0.0,0.0,0.0,0.0,0.0,0.0,0.0,0.0,0.0,0.0
000032.SZ,6.290654391057333e-05,0.0063,1,0.00075487852692688,0.0,0.0,0.0,0.0,0.0,0.0,0.0,0.0,0.0,0.0,0.0
002389.SZ,6.280893872219383e-05,0.0063,1,0.000753707264666326,0.0,0.0,0.0,0.0,0.0,0.0,0.0,0.0,0.0,0.0,0.0
600862.SH,6.210130110644266e-05,0.0062,1,0.000745215613277312,0.0,0.0,0.0,0.0,0.0,0.0,0.0,0.0,0.0,0.0,0.0
600208.SH,6.161327516454525e-05,0.0062,1,0.000739359301974543,0.0,0.0,0.0,0.0,0.0,0.0,0.0,0.0,0.0,0.0,0.0
002414.SZ,6.0759229766224824e-05,0.0061,1,0.0007291107571946979,0.0,0.0,0.0,0.0,0.0,0.0,0.0,0.0,0.0,0.0,0.0
600497.SH,6.071042717203508e-05,0.0061,1,0.000728525126064421,0.0,0.0,0.0,0.0,0.0,0.0,0.0,0.0,0.0,0.0,0.0
300001.SZ,6.019799993304283e-05,0.006,1,0.000722375999196514,0.0,0.0,0.0,0.0,0.0,0.0,0.0,0.0,0.0,0.0,0.0
002064.SZ,5.8709520810255826e-05,0.0059,1,0.00070451424972307,0.0,0.0,0.0,0.0,0.0,0.0,0.0,0.0,0.0,0.0,0.0
0881.HK,5.8618700631500415e-05,0.0059,1,0.0,0.0,0.0,0.0,0.0,0.0,0.0,0.0,0.0,0.000703424407578005,0.0,0.0
601615.SH,5.841670524511733e-05,0.0058,1,0.000701000462941408,0.0,0.0,0.0,0.0,0.0,0.0,0.0,0.0,0.0,0.0,0.0
603659.SH,5.817269227416866e-05,0.0058,1,0.0006980723072900239,0.0,0.0,0.0,0.0,0.0,0.0,0.0,0.0,0.0,0.0,0.0
603939.SH,5.7367449470038e-05,0.0057,1,0.000688409393640456,0.0,0.0,0.0,0.0,0.0,0.0,0.0,0.0,0.0,0.0,0.0
002271.SZ,5.709903520199441e-05,0.0057,1,0.000685188422423933,0.0,0.0,0.0,0.0,0.0,0.0,0.0,0.0,0.0,0.0,0.0
002739.SZ,5.6806219636856e-05,0.0057,1,0.0006816746356422721,0.0,0.0,0.0,0.0,0.0,0.0,0.0,0.0,0.0,0.0,0.0
600704.SH,5.6806219636856e-05,0.0057,1,0.0006816746356422721,0.0,0.0,0.0,0.0,0.0,0.0,0.0,0.0,0.0,0.0,0.0
000400.SZ,5.678181833976108e-05,0.0057,1,0.0006813818200771329,0.0,0.0,0.0,0.0,0.0,0.0,0.0,0.0,0.0,0.0,0.0
601567.SH,5.678181833976108e-05,0.0057,1,0.0006813818200771329,0.0,0.0,0.0,0.0,0.0,0.0,0.0,0.0,0.0,0.0,0.0
300529.SZ,5.648900277462267e-05,0.0056,1,0.000677868033295472,0.0,0.0,0.0,0.0,0.0,0.0,0.0,0.0,0.0,0.0,0.0
000960.SZ,5.6269391100768836e-05,0.0056,1,0.000675232693209226,0.0,0.0,0.0,0.0,0.0,0.0,0.0,0.0,0.0,0.0,0.0
600754.SH,5.622058850657917e-05,0.0056,1,0.0006746470620789501,0.0,0.0,0.0,0.0,0.0,0.0,0.0,0.0,0.0,0.0,0.0
300459.SZ,5.612298331819966e-05,0.0056,1,0.000673475799818396,0.0,0.0,0.0,0.0,0.0,0.0,0.0,0.0,0.0,0.0,0.0
300285.SZ,5.575696386177658e-05,0.0056,1,0.000669083566341319,0.0,0.0,0.0,0.0,0.0,0.0,0.0,0.0,0.0,0.0,0.0
002155.SZ,5.548854959373308e-05,0.0055,1,0.000665862595124797,0.0,0.0,0.0,0.0,0.0,0.0,0.0,0.0,0.0,0.0,0.0
600129.SH,5.5439746999543326e-05,0.0055,1,0.00066527696399452,0.0,0.0,0.0,0.0,0.0,0.0,0.0,0.0,0.0,0.0,0.0
600025.SH,5.539989562586366e-05,0.0055,1,0.0,0.0,0.0,0.0,0.0,0.0,0.0006647987475103639,0.0,0.0,0.0,0.0,0.0
002044.SZ,5.4756510680887005e-05,0.0055,1,0.0006570781281706441,0.0,0.0,0.0,0.0,0.0,0.0,0.0,0.0,0.0,0.0,0.0
002318.SZ,5.458570160122291e-05,0.0055,1,0.000655028419214675,0.0,0.0,0.0,0.0,0.0,0.0,0.0,0.0,0.0,0.0,0.0
000887.SZ,5.44636951157485e-05,0.0054,1,0.000653564341388982,0.0,0.0,0.0,0.0,0.0,0.0,0.0,0.0,0.0,0.0,0.0
300296.SZ,5.4244083441894674e-05,0.0054,1,0.0006509290013027361,0.0,0.0,0.0,0.0,0.0,0.0,0.0,0.0,0.0,0.0,0.0
600529.SH,5.419528084770499e-05,0.0054,1,0.0006503433701724599,0.0,0.0,0.0,0.0,0.0,0.0,0.0,0.0,0.0,0.0,0.0
601216.SH,5.407327436223058e-05,0.0054,1,0.000648879292346767,0.0,0.0,0.0,0.0,0.0,0.0,0.0,0.0,0.0,0.0,0.0
600177.SH,5.3951267876756244e-05,0.0054,1,0.000647415214521075,0.0,0.0,0.0,0.0,0.0,0.0,0.0,0.0,0.0,0.0,0.0
601699.SH,5.3710005388103e-05,0.0054,1,0.0,0.0,0.0,0.0,0.0,0.0,0.000644520064657236,0.0,0.0,0.0,0.0,0.0
603000.SH,5.295081469586658e-05,0.0053,1,0.000635409776350399,0.0,0.0,0.0,0.0,0.0,0.0,0.0,0.0,0.0,0.0,0.0
600153.SH,5.270680172491792e-05,0.0053,1,0.000632481620699015,0.0,0.0,0.0,0.0,0.0,0.0,0.0,0.0,0.0,0.0,0.0
000519.SZ,5.2291979674305165e-05,0.0052,1,0.000627503756091662,0.0,0.0,0.0,0.0,0.0,0.0,0.0,0.0,0.0,0.0,0.0
002244.SZ,5.216997318883083e-05,0.0052,1,0.00062603967826597,0.0,0.0,0.0,0.0,0.0,0.0,0.0,0.0,0.0,0.0,0.0
002128.SZ,5.143793427598475e-05,0.0051,1,0.000617255211311817,0.0,0.0,0.0,0.0,0.0,0.0,0.0,0.0,0.0,0.0,0.0
000738.SZ,5.109631611665658e-05,0.0051,1,0.000613155793399879,0.0,0.0,0.0,0.0,0.0,0.0,0.0,0.0,0.0,0.0,0.0
600699.SH,5.109631611665658e-05,0.0051,1,0.000613155793399879,0.0,0.0,0.0,0.0,0.0,0.0,0.0,0.0,0.0,0.0,0.0
600398.SH,5.065709276894891e-05,0.0051,1,0.000607885113227387,0.0,0.0,0.0,0.0,0.0,0.0,0.0,0.0,0.0,0.0,0.0
300088.SZ,5.0364277203810505e-05,0.005,1,0.0006043713264457261,0.0,0.0,0.0,0.0,0.0,0.0,0.0,0.0,0.0,0.0,0.0
300601.SZ,4.9998257747387416e-05,0.005,1,0.000599979092968649,0.0,0.0,0.0,0.0,0.0,0.0,0.0,0.0,0.0,0.0,0.0
300390.SZ,4.958343569677466e-05,0.005,1,0.000595001228361296,0.0,0.0,0.0,0.0,0.0,0.0,0.0,0.0,0.0,0.0,0.0
002508.SZ,4.9290620131636245e-05,0.0049,1,0.000591487441579635,0.0,0.0,0.0,0.0,0.0,0.0,0.0,0.0,0.0,0.0,0.0
000623.SZ,4.9119811051972167e-05,0.0049,1,0.000589437732623666,0.0,0.0,0.0,0.0,0.0,0.0,0.0,0.0,0.0,0.0,0.0
300253.SZ,4.880259418973883e-05,0.0049,1,0.000585631130276866,0.0,0.0,0.0,0.0,0.0,0.0,0.0,0.0,0.0,0.0,0.0
601698.SH,4.857925430478159e-05,0.0049,1,0.0,0.0,0.0,0.0,0.0,0.0,0.0005829510516573791,0.0,0.0,0.0,0.0,0.0
600004.SH,4.855858121879017e-05,0.0049,1,0.000582702974625482,0.0,0.0,0.0,0.0,0.0,0.0,0.0,0.0,0.0,0.0,0.0
000683.SZ,4.853417992169525e-05,0.0049,1,0.000582410159060343,0.0,0.0,0.0,0.0,0.0,0.0,0.0,0.0,0.0,0.0,0.0
600516.SH,4.831456824784141e-05,0.0048,1,0.000579774818974097,0.0,0.0,0.0,0.0,0.0,0.0,0.0,0.0,0.0,0.0,0.0
601179.SH,4.8021752682702996e-05,0.0048,1,0.000576261032192436,0.0,0.0,0.0,0.0,0.0,0.0,0.0,0.0,0.0,0.0,0.0
600820.SH,4.780214100884916e-05,0.0048,1,0.00057362569210619,0.0,0.0,0.0,0.0,0.0,0.0,0.0,0.0,0.0,0.0,0.0
000009.SZ,4.753372674080558e-05,0.0048,1,0.000570404720889667,0.0,0.0,0.0,0.0,0.0,0.0,0.0,0.0,0.0,0.0,0.0
603568.SH,4.721650987857233e-05,0.0047,1,0.000566598118542868,0.0,0.0,0.0,0.0,0.0,0.0,0.0,0.0,0.0,0.0,0.0
600008.SH,4.5972043726734e-05,0.0046,1,0.000551664524720808,0.0,0.0,0.0,0.0,0.0,0.0,0.0,0.0,0.0,0.0,0.0
300182.SZ,4.458116979232642e-05,0.0045,1,0.000534974037507917,0.0,0.0,0.0,0.0,0.0,0.0,0.0,0.0,0.0,0.0,0.0
002245.SZ,4.433715682137775e-05,0.0044,1,0.000532045881856533,0.0,0.0,0.0,0.0,0.0,0.0,0.0,0.0,0.0,0.0,0.0
601018.SH,4.4288354227188e-05,0.0044,1,0.000531460250726256,0.0,0.0,0.0,0.0,0.0,0.0,0.0,0.0,0.0,0.0,0.0
002607.SZ,4.421515033590333e-05,0.0044,1,0.00053058180403084,0.0,0.0,0.0,0.0,0.0,0.0,0.0,0.0,0.0,0.0,0.0
600131.SH,4.384913087948033e-05,0.0044,1,0.000526189570553764,0.0,0.0,0.0,0.0,0.0,0.0,0.0,0.0,0.0,0.0,0.0
300144.SZ,4.333670364048808e-05,0.0043,1,0.000520040443685857,0.0,0.0,0.0,0.0,0.0,0.0,0.0,0.0,0.0,0.0,0.0
002176.SZ,4.309269066953942e-05,0.0043,1,0.000517112288034473,0.0,0.0,0.0,0.0,0.0,0.0,0.0,0.0,0.0,0.0,0.0
300315.SZ,4.282427640149583e-05,0.0043,1,0.00051389131681795,0.0,0.0,0.0,0.0,0.0,0.0,0.0,0.0,0.0,0.0,0.0
000547.SZ,4.226304656831383e-05,0.0042,1,0.000507156558819766,0.0,0.0,0.0,0.0,0.0,0.0,0.0,0.0,0.0,0.0,0.0
600867.SH,4.221424397412408e-05,0.0042,1,0.0005065709276894889,0.0,0.0,0.0,0.0,0.0,0.0,0.0,0.0,0.0,0.0,0.0
600170.SH,4.218984267702925e-05,0.0042,1,0.000506278112124351,0.0,0.0,0.0,0.0,0.0,0.0,0.0,0.0,0.0,0.0,0.0
000629.SZ,4.2019033597365076e-05,0.0042,1,0.000504228403168381,0.0,0.0,0.0,0.0,0.0,0.0,0.0,0.0,0.0,0.0,0.0
002007.SZ,4.192142840898566e-05,0.0042,1,0.0005030571409078279,0.0,0.0,0.0,0.0,0.0,0.0,0.0,0.0,0.0,0.0,0.0
300068.SZ,4.177502062641641e-05,0.0042,1,0.000501300247516997,0.0,0.0,0.0,0.0,0.0,0.0,0.0,0.0,0.0,0.0,0.0
600765.SH,4.172621803222667e-05,0.0042,1,0.0005007146163867201,0.0,0.0,0.0,0.0,0.0,0.0,0.0,0.0,0.0,0.0,0.0
002439.SZ,4.131139598161391e-05,0.0041,1,0.0004957367517793669,0.0,0.0,0.0,0.0,0.0,0.0,0.0,0.0,0.0,0.0,0.0
600166.SH,4.084777133681141e-05,0.0041,1,0.000490173256041737,0.0,0.0,0.0,0.0,0.0,0.0,0.0,0.0,0.0,0.0,0.0
002603.SZ,4.0823370039716505e-05,0.0041,1,0.0004898804404765981,0.0,0.0,0.0,0.0,0.0,0.0,0.0,0.0,0.0,0.0,0.0
601880.SH,4.0750166148431914e-05,0.0041,1,0.000489001993781183,0.0,0.0,0.0,0.0,0.0,0.0,0.0,0.0,0.0,0.0,0.0
600535.SH,4.028654150362941e-05,0.004,1,0.000483438498043553,0.0,0.0,0.0,0.0,0.0,0.0,0.0,0.0,0.0,0.0,0.0
000039.SZ,3.9383693511119245e-05,0.0039,1,0.000472604322133431,0.0,0.0,0.0,0.0,0.0,0.0,0.0,0.0,0.0,0.0,0.0
600312.SH,3.879806238084233e-05,0.0039,1,0.000465576748570108,0.0,0.0,0.0,0.0,0.0,0.0,0.0,0.0,0.0,0.0,0.0
600325.SH,3.865165459827316e-05,0.0039,1,0.000463819855179278,0.0,0.0,0.0,0.0,0.0,0.0,0.0,0.0,0.0,0.0,0.0
002145.SZ,3.8505246815703914e-05,0.0039,1,0.00046206296178844696,0.0,0.0,0.0,0.0,0.0,0.0,0.0,0.0,0.0,0.0,0.0
601000.SH,3.8358839033134746e-05,0.0038,1,0.000460306068397617,0.0,0.0,0.0,0.0,0.0,0.0,0.0,0.0,0.0,0.0,0.0
601966.SH,3.8017220873806494e-05,0.0038,1,0.000456206650485678,0.0,0.0,0.0,0.0,0.0,0.0,0.0,0.0,0.0,0.0,0.0
002120.SZ,3.8017220873806494e-05,0.0038,1,0.000456206650485678,0.0,0.0,0.0,0.0,0.0,0.0,0.0,0.0,0.0,0.0,0.0
600864.SH,3.767560271447833e-05,0.0038,1,0.00045210723257374,0.0,0.0,0.0,0.0,0.0,0.0,0.0,0.0,0.0,0.0,0.0
603077.SH,3.767560271447833e-05,0.0038,1,0.00045210723257374,0.0,0.0,0.0,0.0,0.0,0.0,0.0,0.0,0.0,0.0,0.0
600998.SH,3.7553596229004e-05,0.0038,1,0.000450643154748048,0.0,0.0,0.0,0.0,0.0,0.0,0.0,0.0,0.0,0.0,0.0
600258.SH,3.745599104062458e-05,0.0037,1,0.000449471892487495,0.0,0.0,0.0,0.0,0.0,0.0,0.0,0.0,0.0,0.0,0.0
000830.SZ,3.7358385852245083e-05,0.0037,1,0.000448300630226941,0.0,0.0,0.0,0.0,0.0,0.0,0.0,0.0,0.0,0.0,0.0
600859.SH,3.6065117106217e-05,0.0036,1,0.000432781405274604,0.0,0.0,0.0,0.0,0.0,0.0,0.0,0.0,0.0,0.0,0.0
601155.SH,3.5869906729457995e-05,0.0036,1,0.00043043888075349596,0.0,0.0,0.0,0.0,0.0,0.0,0.0,0.0,0.0,0.0,0.0
000563.SZ,3.582110413526833e-05,0.0036,1,0.00042985324962322,0.0,0.0,0.0,0.0,0.0,0.0,0.0,0.0,0.0,0.0,0.0
600667.SH,3.499146003404275e-05,0.0035,1,0.000419897520408513,0.0,0.0,0.0,0.0,0.0,0.0,0.0,0.0,0.0,0.0,0.0
000967.SZ,3.464984187471458e-05,0.0035,1,0.00041579810249657497,0.0,0.0,0.0,0.0,0.0,0.0,0.0,0.0,0.0,0.0,0.0
002497.SZ,3.4088612041532584e-05,0.0034,1,0.000409063344498391,0.0,0.0,0.0,0.0,0.0,0.0,0.0,0.0,0.0,0.0,0.0
002572.SZ,3.330777053449675e-05,0.0033,1,0.000399693246413961,0.0,0.0,0.0,0.0,0.0,0.0,0.0,0.0,0.0,0.0,0.0
300070.SZ,3.3088158860642915e-05,0.0033,1,0.000397057906327715,0.0,0.0,0.0,0.0,0.0,0.0,0.0,0.0,0.0,0.0,0.0
601636.SH,3.147767325238158e-05,0.0031,1,0.000377732079028579,0.0,0.0,0.0,0.0,0.0,0.0,0.0,0.0,0.0,0.0,0.0
601866.SH,3.07456343395355e-05,0.0031,1,0.00036894761207442603,0.0,0.0,0.0,0.0,0.0,0.0,0.0,0.0,0.0,0.0,0.0
600655.SH,3.0452818774397e-05,0.003,1,0.000365433825292764,0.0,0.0,0.0,0.0,0.0,0.0,0.0,0.0,0.0,0.0,0.0
603885.SH,3.0330812288922668e-05,0.003,1,0.000363969747467072,0.0,0.0,0.0,0.0,0.0,0.0,0.0,0.0,0.0,0.0,0.0
001914.SZ,3.025760839763808e-05,0.003,1,0.000363091300771657,0.0,0.0,0.0,0.0,0.0,0.0,0.0,0.0,0.0,0.0,0.0
000800.SZ,2.9114976385514496e-05,0.0029,1,0.0,0.0,0.0,0.0,0.0,0.0,0.00034937971662617396,0.0,0.0,0.0,0.0,0.0
002266.SZ,2.8769129274851e-05,0.0029,1,0.000345229551298212,0.0,0.0,0.0,0.0,0.0,0.0,0.0,0.0,0.0,0.0,0.0
002312.SZ,2.8647122789376664e-05,0.0029,1,0.00034376547347252,0.0,0.0,0.0,0.0,0.0,0.0,0.0,0.0,0.0,0.0,0.0
601808.SH,2.8626333425198245e-05,0.0029,1,0.0,0.0,0.0,0.0,0.0,0.0,0.00034351600110237897,0.0,0.0,0.0,0.0,0.0
600499.SH,2.8329905927143414e-05,0.0028,1,0.000339958871125721,0.0,0.0,0.0,0.0,0.0,0.0,0.0,0.0,0.0,0.0,0.0
000069.SZ,2.7695472202676752e-05,0.0028,1,0.000332345666432121,0.0,0.0,0.0,0.0,0.0,0.0,0.0,0.0,0.0,0.0,0.0
600377.SH,2.75268867644865e-05,0.0028,1,0.0,0.0,0.0,0.0,0.0,0.0,0.000330322641173838,0.0,0.0,0.0,0.0,0.0
002372.SZ,2.6084986594415413e-05,0.0026,1,0.000313019839132985,0.0,0.0,0.0,0.0,0.0,0.0,0.0,0.0,0.0,0.0,0.0
000998.SZ,2.4254889312300167e-05,0.0024,1,0.000291058671747602,0.0,0.0,0.0,0.0,0.0,0.0,0.0,0.0,0.0,0.0,0.0
002292.SZ,2.3840067261687413e-05,0.0024,1,0.000286080807140249,0.0,0.0,0.0,0.0,0.0,0.0,0.0,0.0,0.0,0.0,0.0
000035.SZ,2.171715441443375e-05,0.0022,1,0.000260605852973205,0.0,0.0,0.0,0.0,0.0,0.0,0.0,0.0,0.0,0.0,0.0
002091.SZ,1.9887057132318585e-05,0.002,1,0.00023864468558782302,0.0,0.0,0.0,0.0,0.0,0.0,0.0,0.0,0.0,0.0,0.0
600335.SH,1.54216197639575e-05,0.0015,1,0.00018505943716749,0.0,0.0,0.0,0.0,0.0,0.0,0.0,0.0,0.0,0.0,0.0
001391.SZ,1.3926324369015333e-05,0.0014,1,0.0,0.0,0.0,0.0,0.0,0.0,0.000167115892428184,0.0,0.0,0.0,0.0,0.0
2587.HK,2.4634396458585832e-06,0.0002,1,0.0,0.0,0.0,0.0,0.0,0.0,0.0,0.0,0.0,0.0,2.9561275750303e-05,0.0
